id,gw,xPts,xMins,Pts,f_error
2,10,3.18,86.76,2.0,1.1800000000000002
2,1,2.17,56.72,0.0,2.17
2,2,3.48,56.72,0.0,3.48
2,3,3.6,24.32,2.0,1.6
2,4,2.71,79.19,3.0,-0.29000000000000004
2,5,3.63,79.19,2.0,1.63
2,6,2.42,79.19,3.0,-0.5800000000000001
2,8,4.1,86.76,1.0,3.0999999999999996
2,9,3.65,86.8,2.0,1.65
3,10,2.54,84.55,2.0,0.54
3,1,2.64,80.4,2.0,0.6400000000000001
3,2,2.88,79.52,12.0,-9.120000000000001
3,3,2.88,78.24,6.0,-3.12
3,4,3.13,80.4,2.0,1.13
3,5,2.94,80.4,2.0,0.94
3,6,2.59,84.55,2.0,0.5899999999999999
3,8,2.85,83.72,5.0,-2.15
3,9,2.72,82.01,9.0,-6.279999999999999
4,1,1.76,2.37,0.0,1.76
4,2,1.86,2.37,0.0,1.86
4,3,1.85,2.37,0.0,1.85
4,4,1.72,1.84,2.0,-0.28
4,5,2.14,42.07,0.0,2.14
6,10,2.59,67.5,2.0,0.5899999999999999
6,1,2.82,73.5,3.0,-0.18000000000000016
6,2,3.16,75.5,2.0,1.1600000000000001
6,3,3.03,67.14,3.0,0.029999999999999805
6,4,3.38,77.21,0.0,3.38
6,5,2.87,41.0,0.0,2.87
6,9,2.77,65.47,10.0,-7.23
7,10,3.28,78.65,4.0,-0.7200000000000002
7,1,3.57,78.65,3.0,0.5699999999999998
7,2,4.14,76.9,2.0,2.1399999999999997
7,3,3.78,71.66,16.0,-12.22
7,4,4.38,74.28,10.0,-5.62
7,5,4.05,74.28,1.0,3.05
7,6,3.24,63.21,2.0,1.2400000000000002
7,8,3.91,75.36,0.0,3.91
7,9,3.7,76.29,2.0,1.7000000000000002
8,10,1.5,19.74,1.0,0.5
8,1,3.03,26.05,1.0,2.03
8,2,3.23,29.47,1.0,2.23
8,3,3.39,48.5,1.0,2.39
8,4,2.46,34.74,2.0,0.45999999999999996
8,5,3.89,75.5,2.0,1.8900000000000001
8,6,2.71,73.02,0.0,2.71
8,8,1.67,19.34,6.0,-4.33
8,9,1.74,24.51,1.0,0.74
10,10,2.43,73.02,1.0,1.4300000000000002
10,1,3.56,83.02,5.0,-1.44
10,2,3.55,82.58,1.0,2.55
10,3,3.74,69.93,7.0,-3.26
10,4,3.94,74.74,1.0,2.94
10,5,3.68,74.74,8.0,-4.32
10,6,2.62,70.55,1.0,1.62
10,8,2.96,71.56,6.0,-3.04
10,9,2.79,70.83,5.0,-2.21
11,10,1.57,18.42,1.0,0.5700000000000001
11,1,2.06,30.32,1.0,1.06
11,2,2.35,27.63,1.0,1.35
11,3,2.26,25.26,1.0,1.2599999999999998
11,4,1.97,18.42,1.0,0.97
11,5,1.83,18.42,1.0,0.8300000000000001
11,6,1.66,18.42,1.0,0.6599999999999999
11,8,1.76,18.05,1.0,0.76
11,9,1.92,24.81,1.0,0.9199999999999999
12,2,1.83,8.42,1.0,0.8300000000000001
12,3,2.19,22.11,1.0,1.19
12,4,2.56,32.24,0.0,2.56
12,5,2.37,32.24,1.0,1.37
12,6,2.29,39.5,1.0,1.29
12,8,1.9,21.92,0.0,1.9
13,10,3.77,80.4,15.0,-11.23
13,1,4.11,79.26,6.0,-1.8899999999999997
13,2,4.98,77.5,2.0,2.9800000000000004
13,3,4.67,75.74,3.0,1.67
13,4,5.21,76.62,5.0,0.20999999999999996
13,5,4.69,76.62,5.0,-0.3099999999999996
13,6,3.89,76.62,7.0,-3.11
13,8,4.47,77.07,9.0,-4.53
13,9,4.26,77.98,2.0,2.26
15,10,2.93,87.43,1.0,1.9300000000000002
15,1,4.19,86.76,6.0,-1.8099999999999996
15,2,4.06,87.43,1.0,3.0599999999999996
15,3,4.53,87.43,6.0,-1.4699999999999998
15,4,4.5,87.43,2.0,2.5
15,5,4.22,87.43,2.0,2.2199999999999998
15,6,3.31,79.35,2.0,1.31
15,8,3.93,85.68,6.0,-2.07
15,9,3.37,84.8,2.0,1.37
16,10,3.01,83.89,1.0,2.01
16,1,3.83,79.33,7.0,-3.17
16,2,3.92,82.58,1.0,2.92
16,3,4.09,78.5,7.0,-2.91
16,4,4.43,78.5,9.0,-4.57
16,5,4.22,78.5,2.0,2.2199999999999998
16,6,3.01,78.5,1.0,2.01
16,8,3.66,82.21,6.0,-2.34
16,9,3.46,81.37,2.0,1.46
18,10,2.13,27.63,0.0,2.13
18,1,1.51,4.74,1.0,0.51
18,2,1.57,4.74,0.0,1.57
18,3,1.57,4.74,1.0,0.5700000000000001
18,4,1.51,5.26,0.0,1.51
18,5,1.48,1.32,2.0,-0.52
18,6,2.4,78.93,2.0,0.3999999999999999
18,8,2.49,74.97,1.0,1.4900000000000002
18,9,2.26,26.8,1.0,1.2599999999999998
19,10,3.75,76.9,12.0,-8.25
19,1,4.07,73.4,8.0,-3.9299999999999997
19,2,4.57,66.41,8.0,-3.4299999999999997
19,3,4.01,58.36,6.0,-1.9900000000000002
19,4,4.8,64.33,2.0,2.8
19,5,4.32,64.33,10.0,-5.68
19,6,3.63,64.33,2.0,1.63
19,8,4.4,70.22,3.0,1.4000000000000004
19,9,4.33,74.59,4.0,0.33000000000000007
25,10,1.75,22.11,1.0,0.75
25,1,1.75,3.79,0.0,1.75
25,2,2.08,11.37,0.0,2.08
25,3,2.22,23.58,0.0,2.22
25,4,2.08,18.42,0.0,2.08
25,5,1.95,18.42,0.0,1.95
25,6,1.74,18.42,1.0,0.74
25,8,2.03,26.31,10.0,-7.970000000000001
25,9,1.88,21.44,1.0,0.8799999999999999
26,10,2.72,82.58,1.0,1.7200000000000002
26,1,3.39,53.79,8.0,-4.609999999999999
26,2,3.47,72.07,-1.0,4.470000000000001
26,3,3.64,47.5,14.0,-10.36
26,4,3.99,67.79,7.0,-3.01
26,5,3.81,67.79,1.0,2.81
26,6,2.67,67.79,0.0,2.67
26,8,3.22,80.93,15.0,-11.78
26,9,3.12,80.11,1.0,2.12
28,10,4.0,78.65,5.0,-1.0
28,1,4.38,76.9,2.0,2.38
28,2,5.34,73.4,19.0,-13.66
28,3,5.23,73.4,4.0,1.2300000000000004
28,4,5.85,74.28,1.0,4.85
28,5,5.09,74.28,6.0,-0.9100000000000001
28,6,4.25,74.28,1.0,3.25
28,8,5.01,77.07,6.0,-0.9900000000000002
28,9,4.56,68.94,8.0,-3.4400000000000004
29,10,3.51,55.93,2.0,1.5099999999999998
29,1,3.74,54.93,2.0,1.7400000000000002
29,2,3.86,54.93,0.0,3.86
29,3,2.54,35.53,1.0,1.54
29,4,3.25,50.43,3.0,0.25
29,5,2.61,50.43,1.0,1.6099999999999999
29,6,2.46,50.43,1.0,1.46
29,8,3.42,47.19,2.0,1.42
29,9,3.37,50.69,3.0,0.3700000000000001
30,10,3.69,59.12,1.0,2.69
30,1,3.26,44.36,1.0,2.26
30,2,3.46,48.5,6.0,-2.54
30,3,3.39,66.07,1.0,2.39
30,4,3.25,52.17,2.0,1.25
30,5,2.63,52.17,1.0,1.63
30,6,2.47,52.17,0.0,2.47
30,8,4.79,71.29,1.0,3.79
30,9,3.12,42.36,1.0,2.12
31,10,4.47,87.81,2.0,2.4699999999999998
31,1,4.37,87.81,1.0,3.37
31,2,4.48,87.81,3.0,1.4800000000000004
31,3,3.98,87.81,10.0,-6.02
31,4,3.85,87.81,2.0,1.85
31,5,3.14,87.81,3.0,0.14000000000000012
31,6,2.48,87.81,3.0,-0.52
31,8,4.2,76.57,6.0,-1.7999999999999998
31,9,4.04,87.8,6.0,-1.96
33,1,4.06,81.02,1.0,3.0599999999999996
33,2,4.44,81.02,-1.0,5.44
33,3,3.59,81.02,1.0,2.59
33,4,3.88,82.79,2.0,1.88
33,5,2.79,82.79,1.0,1.79
33,6,2.59,82.79,1.0,1.5899999999999999
33,8,4.26,84.55,7.0,-2.74
37,10,3.22,80.4,1.0,2.22
37,1,3.37,82.14,2.0,1.37
37,2,3.5,82.14,2.0,1.5
37,3,2.95,82.14,1.0,1.9500000000000002
37,4,3.17,80.4,2.0,1.17
37,5,2.63,80.4,1.0,1.63
37,6,2.53,82.14,2.0,0.5299999999999998
37,8,3.18,71.29,3.0,0.18000000000000016
37,9,3.22,80.4,3.0,0.2200000000000002
39,10,3.52,81.5,2.0,1.52
39,1,3.4,31.68,0.0,3.4
39,2,3.73,20.37,2.0,1.73
39,3,3.23,83.89,1.0,2.23
39,4,3.34,83.89,0.0,3.34
39,5,2.32,66.36,1.0,1.3199999999999998
39,6,2.12,81.5,2.0,0.1200000000000001
39,8,3.59,83.02,9.0,-5.41
39,9,3.0,81.5,6.0,-3.0
40,10,4.27,75.15,2.0,2.2699999999999996
40,1,4.27,72.07,1.0,3.2699999999999996
40,2,4.21,67.79,11.0,-6.79
40,3,3.62,75.15,6.0,-2.38
40,4,4.13,73.02,2.0,2.13
40,5,3.27,73.02,2.0,1.27
40,6,3.02,73.02,2.0,1.02
40,8,4.32,39.5,2.0,2.3200000000000003
40,9,4.48,75.15,2.0,2.4800000000000004
42,10,2.97,48.94,2.0,0.9700000000000002
42,1,2.45,32.0,1.0,1.4500000000000002
42,2,2.53,32.0,8.0,-5.470000000000001
42,3,2.48,43.5,2.0,0.48
42,4,2.77,45.21,1.0,1.77
42,5,2.27,45.21,2.0,0.27
42,6,2.19,46.95,1.0,1.19
42,8,3.1,45.44,1.0,2.1
42,9,2.78,42.82,1.0,1.7799999999999998
43,10,3.67,80.64,2.0,1.67
43,1,3.8,82.14,1.0,2.8
43,2,4.16,82.14,2.0,2.16
43,3,3.27,69.02,1.0,2.27
43,4,3.61,84.55,1.0,2.61
43,5,2.54,84.55,1.0,1.54
43,6,2.29,84.55,0.0,2.29
43,8,3.78,60.07,0.0,3.78
44,10,3.46,80.64,1.0,2.46
44,1,3.41,60.83,1.0,2.41
44,2,3.78,74.74,1.0,2.78
44,3,3.17,81.71,1.0,2.17
44,4,3.29,76.36,2.0,1.29
44,5,2.35,82.58,0.0,2.35
44,6,2.01,70.55,2.0,0.009999999999999787
44,8,3.57,82.14,7.0,-3.43
44,9,2.96,80.64,6.0,-3.04
45,10,2.39,25.26,0.0,2.39
45,1,3.44,59.99,2.0,1.44
45,2,3.57,59.99,1.0,2.57
45,3,2.31,41.0,5.0,-2.69
45,4,2.96,51.5,1.0,1.96
45,5,2.4,51.5,2.0,0.3999999999999999
45,6,2.18,48.07,8.0,-5.82
45,8,3.88,64.67,3.0,0.8799999999999999
45,9,3.36,59.42,2.0,1.3599999999999999
46,10,2.88,78.24,2.0,0.8799999999999999
46,1,2.37,52.26,0.0,2.37
46,2,2.45,52.26,0.0,2.45
46,3,1.93,34.21,1.0,0.9299999999999999
46,4,1.77,27.0,3.0,-1.23
46,5,1.59,27.0,7.0,-5.41
46,6,1.56,27.0,2.0,-0.43999999999999995
46,8,1.93,29.47,1.0,0.9299999999999999
46,9,2.8,76.5,4.0,-1.2000000000000002
47,10,3.29,74.28,1.0,2.29
47,1,2.85,56.83,0.0,2.85
47,2,2.94,56.83,2.0,0.94
47,3,2.67,65.21,2.0,0.6699999999999999
47,4,3.0,68.68,1.0,2.0
47,5,2.5,68.68,1.0,1.5
47,6,2.34,68.68,5.0,-2.66
47,8,3.18,66.41,10.0,-6.82
47,9,3.29,73.4,3.0,0.29000000000000004
53,1,2.51,66.0,2.0,0.5099999999999998
53,2,2.6,66.0,2.0,0.6000000000000001
53,3,2.46,76.5,2.0,0.45999999999999996
53,4,2.63,78.65,1.0,1.63
53,5,2.26,78.65,2.0,0.2599999999999998
53,6,2.2,80.4,2.0,0.20000000000000018
53,8,2.77,78.65,1.0,1.77
54,10,1.69,5.26,1.0,0.69
54,1,1.84,3.16,1.0,0.8400000000000001
54,2,1.82,2.21,0.0,1.82
54,3,1.57,6.58,0.0,1.57
54,4,1.67,2.63,1.0,0.6699999999999999
54,5,1.51,2.63,0.0,1.51
54,6,1.48,2.63,0.0,1.48
54,8,1.79,5.26,0.0,1.79
54,9,1.44,1.58,0.0,1.44
57,10,2.81,80.64,2.0,0.81
57,1,3.1,84.55,5.0,-1.9
57,2,1.13,78.5,-1.0,2.13
57,3,2.54,57.07,0.0,2.54
57,4,1.27,82.58,-2.0,3.27
57,5,3.32,78.5,6.0,-2.68
57,6,2.77,76.36,1.0,1.77
57,8,2.31,69.02,2.0,0.31000000000000005
57,9,3.02,82.14,8.0,-4.98
60,10,1.74,3.95,0.0,1.74
60,3,1.6,2.63,0.0,1.6
60,9,1.6,3.16,0.0,1.6
62,10,2.32,41.0,1.0,1.3199999999999998
62,1,1.99,27.63,6.0,-4.01
62,2,2.13,55.31,2.0,0.1299999999999999
62,3,3.04,73.02,2.0,1.04
62,4,2.4,67.79,2.0,0.3999999999999999
62,5,2.83,57.67,1.0,1.83
62,6,2.84,55.31,1.0,1.8399999999999999
62,8,1.87,37.79,1.0,0.8700000000000001
62,9,2.08,34.11,2.0,0.08000000000000007
64,10,2.92,82.14,2.0,0.9199999999999999
64,1,2.59,73.02,10.0,-7.41
64,2,2.04,75.5,0.0,2.04
64,3,2.54,75.5,2.0,0.54
64,4,2.12,78.24,2.0,0.1200000000000001
64,5,2.9,80.4,3.0,-0.10000000000000009
64,6,2.8,78.24,2.0,0.7999999999999998
64,8,2.49,82.14,2.0,0.4900000000000002
64,9,2.96,82.14,2.0,0.96
66,10,4.25,80.4,8.0,-3.75
66,1,4.12,82.14,2.0,2.12
66,2,2.85,79.98,0.0,2.85
66,3,3.11,43.5,0.0,3.11
66,4,2.54,56.83,1.0,1.54
66,5,3.78,71.0,2.0,1.7799999999999998
66,6,3.98,78.24,12.0,-8.02
66,8,3.37,80.4,2.0,1.37
66,9,4.29,80.4,2.0,2.29
67,10,2.26,63.5,2.0,0.2599999999999998
67,1,2.36,69.55,1.0,1.3599999999999999
67,2,1.63,44.64,2.0,-0.3700000000000001
67,3,1.85,44.64,1.0,0.8500000000000001
67,4,1.42,29.47,2.0,-0.5800000000000001
67,5,1.63,29.47,3.0,-1.37
67,6,1.6,29.47,6.0,-4.4
67,8,2.24,73.89,2.0,0.2400000000000002
67,9,2.51,73.4,3.0,-0.4900000000000002
69,10,2.72,54.93,9.0,-6.279999999999999
69,1,3.15,71.29,1.0,2.15
69,2,1.72,31.97,2.0,-0.28
69,3,2.43,49.21,1.0,1.4300000000000002
69,4,1.91,48.5,1.0,0.9099999999999999
69,5,2.53,49.79,3.0,-0.4700000000000002
69,6,2.32,43.5,2.0,0.31999999999999984
69,8,2.43,60.86,1.0,1.4300000000000002
69,9,2.89,60.3,1.0,1.8900000000000001
70,10,2.96,64.67,10.0,-7.04
70,1,3.12,71.29,2.0,1.12
70,2,2.21,70.36,1.0,1.21
70,3,2.82,70.36,2.0,0.8199999999999998
70,4,1.96,53.5,1.0,0.96
70,5,2.62,53.5,3.0,-0.3799999999999999
70,6,2.46,48.83,7.0,-4.54
70,8,2.53,69.04,9.0,-6.470000000000001
70,9,3.16,69.04,3.0,0.16000000000000014
71,10,2.79,82.14,2.0,0.79
71,1,3.06,84.55,7.0,-3.94
71,2,1.17,71.07,-1.0,2.17
71,3,2.39,49.79,1.0,1.3900000000000001
71,4,1.3,76.83,-4.0,5.3
71,5,3.23,71.07,8.0,-4.77
71,6,2.68,67.5,1.0,1.6800000000000002
71,8,2.47,76.36,2.0,0.4700000000000002
71,9,3.09,82.14,6.0,-2.91
73,1,3.06,70.55,12.0,-8.94
73,2,1.34,84.55,0.0,1.34
73,3,2.8,84.55,1.0,1.7999999999999998
73,4,1.5,83.89,0.0,1.5
73,5,3.5,70.55,6.0,-2.5
73,6,3.03,83.89,4.0,-0.9700000000000002
73,8,2.57,70.55,0.0,2.57
75,10,2.22,27.63,1.0,1.2200000000000002
75,1,3.52,73.4,0.0,3.52
75,2,1.91,35.53,0.0,1.91
75,3,2.36,35.53,1.0,1.3599999999999999
75,4,1.77,16.84,2.0,-0.22999999999999998
75,5,2.26,16.84,1.0,1.2599999999999998
75,6,2.24,16.84,7.0,-4.76
75,8,2.12,41.0,1.0,1.12
75,9,2.39,36.83,0.0,2.39
76,10,2.93,64.79,0.0,2.93
76,1,3.29,75.5,6.0,-2.71
76,2,1.37,82.14,0.0,1.37
76,3,2.57,51.71,0.0,2.57
76,4,1.5,60.07,-2.0,3.5
76,5,3.64,72.64,6.0,-2.36
76,6,3.04,56.74,0.0,3.04
76,8,2.15,41.6,6.0,-3.85
76,9,3.08,62.43,6.0,-2.92
78,1,2.85,85.43,1.0,1.85
78,2,3.08,85.43,6.0,-2.92
78,3,3.4,85.43,1.0,2.4
78,4,3.99,85.43,0.0,3.99
78,5,3.11,66.36,0.0,3.11
78,6,3.6,83.89,1.0,2.6
78,8,2.97,78.56,1.0,1.9700000000000002
78,9,3.65,76.36,6.0,-2.35
79,10,1.83,7.11,0.0,1.83
79,1,2.82,82.14,2.0,0.8199999999999998
79,2,2.84,80.4,3.0,-0.16000000000000014
79,3,2.92,79.98,8.0,-5.08
79,4,3.22,79.98,2.0,1.2200000000000002
79,5,2.76,79.98,0.0,2.76
80,10,3.74,83.02,5.0,-1.2599999999999998
80,1,4.0,80.4,8.0,-4.0
80,2,4.18,80.4,9.0,-4.82
80,3,4.28,80.4,8.0,-3.7199999999999998
80,4,4.84,80.4,2.0,2.84
80,5,3.78,80.4,1.0,2.78
80,6,5.2,80.4,17.0,-11.8
80,8,4.1,80.5,2.0,2.0999999999999996
80,9,4.75,83.67,1.0,3.75
81,10,3.56,87.81,0.0,3.56
81,1,3.43,86.76,2.0,1.4300000000000002
81,2,3.3,86.76,7.0,-3.7
81,3,3.99,86.76,3.0,0.9900000000000002
81,4,4.31,86.76,6.0,-1.6900000000000004
81,5,3.88,86.76,3.0,0.8799999999999999
81,6,4.11,86.76,2.0,2.1100000000000003
81,8,3.3,86.05,2.0,1.2999999999999998
81,9,4.44,87.8,6.0,-1.5599999999999996
83,10,1.88,42.07,1.0,0.8799999999999999
83,1,1.71,17.68,6.0,-4.29
83,2,1.69,12.63,8.0,-6.3100000000000005
83,3,2.29,48.5,1.0,1.29
83,4,2.2,38.86,2.0,0.20000000000000018
83,5,1.74,28.42,1.0,0.74
83,6,2.51,49.79,1.0,1.5099999999999998
83,8,1.94,41.23,2.0,-0.06000000000000005
83,9,2.12,42.07,1.0,1.12
84,10,2.69,73.12,0.0,2.69
84,6,3.09,54.93,0.0,3.09
84,8,2.69,67.64,1.0,1.69
84,9,3.3,58.83,6.0,-2.7
85,10,2.87,82.14,0.0,2.87
85,1,2.36,60.17,4.0,-1.6400000000000001
85,2,2.86,78.24,6.0,-3.14
85,3,3.13,76.5,1.0,2.13
85,4,3.58,74.37,2.0,1.58
85,5,2.83,70.36,2.0,0.8300000000000001
85,6,3.13,66.83,1.0,2.13
85,8,2.81,77.93,1.0,1.81
85,9,3.53,78.24,6.0,-2.47
86,10,2.45,64.67,1.0,1.4500000000000002
86,1,2.62,68.68,2.0,0.6200000000000001
86,2,2.8,73.02,1.0,1.7999999999999998
86,3,2.31,51.5,1.0,1.31
86,4,2.6,52.07,6.0,-3.4
86,5,2.24,50.45,8.0,-5.76
86,6,2.74,50.45,2.0,0.7400000000000002
86,8,2.47,59.95,2.0,0.4700000000000002
86,9,2.79,61.17,3.0,-0.20999999999999996
88,10,2.8,71.66,2.0,0.7999999999999998
88,1,2.7,62.6,1.0,1.7000000000000002
88,2,2.8,64.33,14.0,-11.2
88,3,3.21,71.66,4.0,-0.79
88,4,3.23,64.33,2.0,1.23
88,5,2.72,64.33,2.0,0.7200000000000002
88,6,3.2,60.86,2.0,1.2000000000000002
88,8,2.99,71.94,2.0,0.9900000000000002
88,9,3.4,73.4,3.0,0.3999999999999999
89,10,2.18,39.5,1.0,1.1800000000000002
89,1,2.52,42.36,2.0,0.52
89,2,3.1,58.36,1.0,2.1
89,3,2.77,48.07,5.0,-2.23
89,4,2.74,39.93,1.0,1.7400000000000002
89,5,2.2,36.47,7.0,-4.8
89,6,2.69,34.74,6.0,-3.31
89,8,1.99,29.71,1.0,0.99
89,9,2.71,42.07,1.0,1.71
95,10,2.97,76.9,2.0,0.9700000000000002
95,1,3.08,71.29,2.0,1.08
95,2,3.14,71.29,6.0,-2.86
95,3,3.21,71.29,2.0,1.21
95,4,3.5,71.29,2.0,1.5
95,5,2.9,71.29,2.0,0.8999999999999999
95,6,3.73,71.29,8.0,-4.27
95,8,3.08,71.56,2.0,1.08
95,9,3.66,78.65,2.0,1.6600000000000001
101,10,1.9,35.53,1.0,0.8999999999999999
101,1,1.84,33.16,2.0,-0.15999999999999992
101,2,1.98,35.53,3.0,-1.02
101,3,2.22,54.93,3.0,-0.7799999999999998
101,4,2.69,59.12,0.0,2.69
101,9,1.46,12.63,1.0,0.45999999999999996
103,10,3.43,69.55,2.0,1.4300000000000002
103,1,3.0,59.12,7.0,-4.0
103,2,3.33,60.07,2.0,1.33
103,3,3.49,69.04,5.0,-1.5099999999999998
103,4,4.94,76.9,2.0,2.9400000000000004
103,5,4.2,76.9,1.0,3.2
103,6,3.99,65.21,5.0,-1.0099999999999998
103,9,2.82,71.29,5.0,-2.18
104,10,3.35,73.4,2.0,1.35
104,1,2.37,35.53,15.0,-12.629999999999999
104,2,3.28,58.55,3.0,0.2799999999999998
104,3,3.25,66.07,6.0,-2.75
104,4,4.26,73.02,11.0,-6.74
104,5,3.72,71.66,2.0,1.7200000000000002
104,6,3.96,71.66,5.0,-1.04
104,9,2.79,76.9,2.0,0.79
106,10,3.23,85.43,2.0,1.23
106,1,2.87,85.43,2.0,0.8700000000000001
106,2,3.96,85.43,7.0,-3.04
106,3,3.19,85.43,6.0,-2.81
106,4,3.98,85.43,7.0,-3.02
106,5,3.64,85.43,-1.0,4.640000000000001
106,6,3.85,85.43,1.0,2.85
106,9,2.13,85.43,1.0,1.13
107,10,2.91,71.29,2.0,0.9100000000000001
107,1,2.18,42.07,5.0,-2.82
107,2,2.85,65.21,2.0,0.8500000000000001
107,3,2.41,52.07,3.0,-0.5899999999999999
107,4,3.07,58.5,3.0,0.06999999999999984
107,5,3.05,68.68,2.0,1.0499999999999998
107,6,3.24,68.68,5.0,-1.7599999999999998
107,9,2.54,76.9,6.0,-3.46
108,10,2.99,82.14,2.0,0.9900000000000002
108,1,2.61,78.24,2.0,0.6099999999999999
108,2,3.7,81.71,6.0,-2.3
108,3,2.99,81.71,6.0,-3.01
108,4,3.75,82.14,5.0,-1.25
108,5,3.46,83.67,1.0,2.46
108,6,3.59,79.98,1.0,2.59
108,9,1.94,82.14,-1.0,2.94
109,10,2.91,76.9,1.0,1.9100000000000001
109,1,2.65,80.4,2.0,0.6499999999999999
109,2,3.69,82.14,8.0,-4.3100000000000005
109,3,3.02,82.14,8.0,-4.98
109,4,3.8,83.67,6.0,-2.2
109,5,3.28,67.5,1.0,2.28
109,6,3.68,83.67,1.0,2.68
109,9,2.03,82.79,1.0,1.0299999999999998
110,10,2.99,52.07,2.0,0.9900000000000002
110,1,2.63,53.5,0.0,2.63
110,2,2.63,42.07,0.0,2.63
110,3,2.13,18.95,0.0,2.13
110,4,2.16,11.05,0.0,2.16
110,5,2.49,22.11,0.0,2.49
110,6,2.56,50.74,2.0,0.56
110,8,2.87,44.64,9.0,-6.13
110,9,3.28,56.83,2.0,1.2799999999999998
111,10,3.96,76.9,2.0,1.96
111,1,3.49,71.66,1.0,2.49
111,2,3.86,71.66,3.0,0.8599999999999999
111,3,3.7,73.4,8.0,-4.3
111,4,4.75,71.66,6.0,-1.25
111,5,4.31,76.9,2.0,2.3099999999999996
111,6,4.64,76.9,12.0,-7.36
111,9,3.06,78.65,20.0,-16.94
112,10,3.84,56.83,7.0,-3.16
112,1,2.39,4.21,0.0,2.39
112,2,3.25,57.07,4.0,-0.75
112,3,3.66,76.5,1.0,2.66
112,4,4.29,82.14,5.0,-0.71
112,5,3.81,75.5,1.0,2.81
112,6,4.1,75.5,1.0,3.0999999999999996
113,10,3.26,87.81,2.0,1.2599999999999998
113,1,3.13,87.81,4.0,-0.8700000000000001
113,2,4.02,87.81,6.0,-1.9800000000000004
113,3,3.56,87.81,8.0,-4.4399999999999995
113,4,4.2,87.81,8.0,-3.8
113,5,4.07,87.81,1.0,3.0700000000000003
113,6,3.98,87.81,1.0,2.98
113,9,2.35,87.8,2.0,0.3500000000000001
115,1,1.54,3.16,0.0,1.54
115,2,1.63,3.16,0.0,1.63
115,3,1.57,1.58,0.0,1.57
115,4,1.74,0.79,0.0,1.74
115,5,1.64,1.58,0.0,1.64
115,6,1.69,1.58,0.0,1.69
115,9,1.3,0.05,0.0,1.3
116,10,3.59,81.02,2.0,1.5899999999999999
116,1,2.51,43.5,0.0,2.51
116,2,3.19,67.79,2.0,1.19
116,3,3.06,71.66,11.0,-7.9399999999999995
116,4,4.38,78.65,2.0,2.38
116,5,3.76,78.65,10.0,-6.24
116,6,4.12,78.65,14.0,-9.879999999999999
116,9,2.91,82.14,2.0,0.9100000000000001
118,10,1.69,14.21,0.0,1.69
118,1,2.1,41.6,1.0,1.1
118,2,2.23,40.07,1.0,1.23
118,3,1.94,31.58,1.0,0.94
118,4,1.96,26.84,1.0,0.96
118,5,1.96,34.11,2.0,-0.040000000000000036
118,6,2.17,37.79,5.0,-2.83
118,9,1.34,2.11,0.0,1.34
120,10,2.85,82.79,2.0,0.8500000000000001
120,1,2.57,72.07,2.0,0.5699999999999998
120,2,2.83,72.07,3.0,-0.16999999999999993
120,3,2.74,76.9,3.0,-0.2599999999999998
120,4,3.36,81.02,3.0,0.3599999999999999
120,5,3.01,81.02,2.0,1.0099999999999998
120,6,3.18,81.02,7.0,-3.82
120,9,2.46,84.55,2.0,0.45999999999999996
123,10,1.51,12.63,0.0,1.51
123,1,2.69,63.5,1.0,1.69
123,2,2.6,53.5,0.0,2.6
123,3,1.89,19.34,0.0,1.89
123,4,2.07,11.05,0.0,2.07
123,5,1.86,11.05,1.0,0.8600000000000001
123,6,1.98,14.21,1.0,0.98
123,9,1.47,21.05,0.0,1.47
127,10,2.7,29.84,5.0,-2.3
127,1,4.07,75.5,7.0,-2.9299999999999997
127,2,3.35,66.64,1.0,2.35
127,3,3.55,68.5,1.0,2.55
127,4,4.21,78.24,1.0,3.21
127,5,3.45,54.93,1.0,2.45
127,6,3.2,42.07,0.0,3.2
127,9,2.48,34.46,0.0,2.48
128,10,4.46,80.64,0.0,4.46
128,1,3.97,82.14,6.0,-2.03
128,2,3.44,80.64,1.0,2.44
128,3,3.55,81.71,1.0,2.55
128,4,3.93,81.71,2.0,1.9300000000000002
128,5,3.68,77.67,1.0,2.68
128,6,3.95,77.67,8.0,-4.05
128,9,3.86,80.1,6.0,-2.14
130,10,3.19,73.4,2.0,1.19
130,1,2.6,42.07,11.0,-8.4
130,2,3.0,72.07,2.0,1.0
130,3,3.51,81.02,2.0,1.5099999999999998
130,4,3.58,79.52,2.0,1.58
130,5,3.3,78.65,2.0,1.2999999999999998
130,6,3.26,76.5,1.0,2.26
130,9,2.81,68.25,1.0,1.81
132,10,3.0,66.41,4.0,-1.0
132,1,2.55,53.5,0.0,2.55
132,4,1.71,10.53,1.0,0.71
132,5,2.07,33.68,1.0,1.0699999999999998
132,6,2.45,47.21,2.0,0.4500000000000002
132,9,2.79,67.46,1.0,1.79
133,10,4.47,63.29,6.0,-1.5300000000000002
133,1,3.53,2.96,0.0,3.53
133,2,2.93,2.96,0.0,2.93
133,3,3.38,2.96,0.0,3.38
133,4,3.4,2.96,0.0,3.4
133,5,3.44,2.96,0.0,3.44
133,6,3.42,2.96,0.0,3.42
133,9,4.13,85.2,2.0,2.13
134,1,2.44,55.17,3.0,-0.56
134,2,2.48,63.5,2.0,0.48
135,10,2.0,7.89,1.0,1.0
135,1,2.34,19.34,0.0,2.34
135,2,2.16,19.34,0.0,2.16
135,3,2.47,27.63,1.0,1.4700000000000002
135,4,2.08,16.45,0.0,2.08
135,5,2.23,21.32,2.0,0.22999999999999998
135,6,2.18,16.58,0.0,2.18
135,9,1.81,10.21,0.0,1.81
136,10,2.13,28.42,3.0,-0.8700000000000001
136,1,1.78,9.47,1.0,0.78
136,2,1.93,16.84,2.0,-0.07000000000000006
136,3,2.82,52.26,2.0,0.8199999999999998
136,4,2.71,44.93,2.0,0.71
136,5,2.81,58.36,1.0,1.81
136,6,2.44,38.17,1.0,1.44
136,9,2.06,18.38,1.0,1.06
139,10,4.27,66.07,0.0,4.27
139,1,3.11,29.84,9.0,-5.890000000000001
139,2,3.41,63.5,0.0,3.41
139,3,3.19,42.07,1.0,2.19
139,4,4.26,68.5,1.0,3.26
139,5,3.88,64.21,1.0,2.88
139,6,3.96,58.36,10.0,-6.04
139,9,2.16,24.51,2.0,0.16000000000000014
140,10,2.04,9.21,8.0,-5.96
140,1,2.64,33.16,1.0,1.6400000000000001
140,2,2.46,33.16,1.0,1.46
140,3,2.08,7.89,1.0,1.08
140,4,2.36,25.26,1.0,1.3599999999999999
140,5,2.26,19.74,0.0,2.26
140,6,2.22,14.21,1.0,1.2200000000000002
140,9,1.84,8.93,4.0,-2.16
142,10,4.26,66.07,12.0,-7.74
142,1,4.37,71.66,3.0,1.37
142,2,3.93,71.66,2.0,1.9300000000000002
142,3,4.72,71.66,2.0,2.7199999999999998
142,4,4.84,71.66,1.0,3.84
142,5,4.5,69.55,5.0,-0.5
142,6,4.14,62.67,1.0,3.1399999999999997
142,9,3.81,67.46,1.0,2.81
144,1,1.99,11.05,0.0,1.99
144,2,1.88,11.05,0.0,1.88
144,3,2.09,11.05,0.0,2.09
145,10,3.39,58.36,6.0,-2.61
145,1,3.63,64.33,2.0,1.63
145,2,3.32,64.33,1.0,2.32
145,3,3.89,64.33,2.0,1.8900000000000001
145,4,4.4,73.02,1.0,3.4000000000000004
145,5,3.97,71.29,2.0,1.9700000000000002
145,6,3.21,53.5,6.0,-2.79
145,9,3.12,62.4,2.0,1.12
146,10,5.43,76.5,1.0,4.43
146,1,4.67,73.4,7.0,-2.33
146,2,4.13,71.29,7.0,-2.87
146,3,4.35,71.29,1.0,3.3499999999999996
146,4,4.89,73.4,7.0,-2.1100000000000003
146,5,4.4,68.64,0.0,4.4
146,6,4.84,71.29,1.0,3.84
146,9,4.72,76.3,2.0,2.7199999999999998
148,10,1.93,14.21,3.0,-1.07
148,1,1.99,14.74,1.0,0.99
148,2,1.87,14.74,1.0,0.8700000000000001
148,3,3.1,56.93,2.0,1.1
148,4,2.98,49.26,-2.0,4.98
148,6,2.48,32.89,1.0,1.48
148,9,2.11,24.12,8.0,-5.890000000000001
150,10,1.95,27.63,5.0,-3.05
150,1,1.78,1.58,1.0,0.78
150,2,1.93,4.21,1.0,0.9299999999999999
150,4,1.73,0.66,0.0,1.73
150,5,1.84,1.58,1.0,0.8400000000000001
150,6,2.09,25.26,1.0,1.0899999999999999
150,9,1.8,28.59,1.0,0.8
152,10,4.14,81.42,3.0,1.1399999999999997
152,1,3.55,69.93,1.0,2.55
152,2,2.29,81.42,2.0,0.29000000000000004
152,3,3.95,81.42,3.0,0.9500000000000002
152,4,2.18,81.42,0.0,2.18
152,5,4.1,81.42,2.0,2.0999999999999996
152,6,3.65,81.42,7.0,-3.35
152,9,3.45,79.0,1.0,2.45
154,5,2.23,29.84,0.0,2.23
156,10,3.33,80.64,2.0,1.33
156,1,2.5,33.16,0.0,2.5
156,2,1.49,36.83,1.0,0.49
156,3,2.75,35.0,2.0,0.75
156,4,1.4,35.0,0.0,1.4
156,5,2.84,36.83,2.0,0.8399999999999999
156,6,2.39,35.0,5.0,-2.61
156,9,2.78,76.14,1.0,1.7799999999999998
157,10,2.51,9.47,0.0,2.51
157,1,2.85,63.5,0.0,2.85
157,2,1.65,74.74,2.0,-0.3500000000000001
157,3,3.25,74.74,0.0,3.25
157,4,1.55,74.74,1.0,0.55
157,5,3.36,74.74,2.0,1.3599999999999999
157,6,2.79,74.74,1.0,1.79
157,9,2.54,57.44,1.0,1.54
158,10,1.68,17.76,1.0,0.6799999999999999
158,1,1.87,23.21,1.0,0.8700000000000001
158,2,1.6,23.21,1.0,0.6000000000000001
158,3,1.96,23.21,1.0,0.96
158,4,1.72,35.53,0.0,1.72
158,5,1.96,19.34,1.0,0.96
158,6,1.66,19.34,0.0,1.66
158,9,1.47,17.23,0.0,1.47
159,10,3.28,58.36,2.0,1.2799999999999998
159,1,2.77,60.07,2.0,0.77
159,2,2.27,62.6,2.0,0.27
159,3,2.91,58.36,2.0,0.9100000000000001
159,4,2.46,73.4,2.0,0.45999999999999996
159,5,3.61,71.66,1.0,2.61
159,6,2.53,53.79,3.0,-0.4700000000000002
159,9,2.52,56.61,5.0,-2.48
160,10,5.13,80.4,5.0,0.1299999999999999
160,1,3.96,80.4,2.0,1.96
160,2,3.06,80.4,7.0,-3.94
160,3,4.39,80.4,12.0,-7.61
160,5,3.54,18.95,7.0,-3.46
160,6,3.68,80.4,3.0,0.6800000000000002
160,9,3.7,77.98,2.0,1.7000000000000002
161,10,3.7,78.24,2.0,1.7000000000000002
161,1,2.84,69.91,2.0,0.8399999999999999
161,2,2.33,69.91,2.0,0.33000000000000007
161,3,2.87,64.33,1.0,1.87
161,4,2.14,64.33,2.0,0.14000000000000012
161,5,2.88,60.07,3.0,-0.1200000000000001
161,6,2.46,61.79,3.0,-0.54
161,9,2.86,75.89,1.0,1.8599999999999999
165,10,3.89,81.5,2.0,1.8900000000000001
165,1,3.48,83.67,1.0,2.48
165,2,2.03,83.67,1.0,1.0299999999999998
165,3,3.83,83.67,2.0,1.83
165,4,1.94,83.67,6.0,-4.0600000000000005
165,5,3.99,83.67,2.0,1.9900000000000002
165,6,3.23,83.67,7.0,-3.77
165,9,3.36,82.0,0.0,3.36
166,10,2.88,44.64,8.0,-5.12
166,1,2.82,58.36,1.0,1.8199999999999998
166,2,2.39,62.6,0.0,2.39
166,3,3.16,62.6,5.0,-1.8399999999999999
166,4,2.52,69.04,2.0,0.52
166,5,3.74,69.04,1.0,2.74
166,6,2.46,54.93,1.0,1.46
166,9,2.17,43.3,5.0,-2.83
167,10,3.64,84.55,1.0,2.64
167,1,3.21,83.67,-1.0,4.21
167,2,1.83,83.67,2.0,-0.16999999999999993
167,3,3.56,83.67,2.0,1.56
167,4,1.72,83.67,-1.0,2.7199999999999998
167,5,3.68,83.67,2.0,1.6800000000000002
167,6,3.01,83.67,6.0,-2.99
167,9,3.03,82.01,1.0,2.03
168,10,2.89,34.74,1.0,1.8900000000000001
168,1,2.68,46.83,1.0,1.6800000000000002
168,2,2.17,46.83,0.0,2.17
168,3,2.91,46.83,5.0,-2.09
168,4,2.11,46.83,0.0,2.11
168,5,2.99,43.5,1.0,1.9900000000000002
168,6,2.34,43.5,2.0,0.33999999999999986
168,9,2.13,34.72,1.0,1.13
169,10,3.97,71.66,10.0,-6.029999999999999
169,1,3.09,69.91,2.0,1.0899999999999999
169,2,2.42,69.04,6.0,-3.58
169,3,3.25,66.41,3.0,0.25
169,4,2.54,76.9,5.0,-2.46
169,5,3.8,73.4,3.0,0.7999999999999998
169,6,2.82,66.07,3.0,-0.18000000000000016
169,9,2.93,69.51,2.0,0.9300000000000002
170,10,3.28,72.07,1.0,2.28
170,1,2.97,73.79,1.0,1.9700000000000002
170,2,1.8,78.65,2.0,-0.19999999999999996
170,3,3.4,78.65,6.0,-2.6
170,4,1.72,78.65,1.0,0.72
170,5,3.23,61.4,1.0,2.23
170,6,2.95,78.65,6.0,-3.05
170,9,2.6,63.26,1.0,1.6
171,10,2.28,28.55,5.0,-2.72
171,2,1.56,9.47,1.0,0.56
171,3,2.1,25.58,1.0,1.1
171,4,2.0,50.17,1.0,1.0
171,5,2.75,46.83,3.0,-0.25
171,6,2.17,43.5,1.0,1.17
171,9,1.84,28.59,2.0,-0.15999999999999992
177,10,1.76,1.32,1.0,0.76
177,2,2.08,21.05,1.0,1.08
177,3,2.61,25.26,1.0,1.6099999999999999
177,4,2.39,31.97,1.0,1.3900000000000001
177,5,2.2,16.58,0.0,2.2
177,6,1.66,7.37,0.0,1.66
177,8,1.8,1.32,1.0,0.8
177,9,1.8,2.63,1.0,0.8
182,10,3.33,87.81,1.0,2.33
182,1,3.22,87.81,3.0,0.2200000000000002
182,2,3.53,87.81,1.0,2.53
182,3,4.52,87.81,7.0,-2.4800000000000004
182,4,3.76,87.81,2.0,1.7599999999999998
182,5,3.85,87.81,3.0,0.8500000000000001
182,6,2.51,87.81,9.0,-6.49
182,9,3.87,74.4,2.0,1.87
185,10,2.76,64.21,0.0,2.76
185,1,2.74,76.9,2.0,0.7400000000000002
185,2,2.82,76.9,1.0,1.8199999999999998
185,5,2.12,9.47,0.0,2.12
185,6,2.04,27.47,0.0,2.04
185,8,2.89,64.21,1.0,1.8900000000000001
185,9,2.86,64.21,1.0,1.8599999999999999
186,10,2.85,69.04,9.0,-6.15
186,1,2.82,73.4,2.0,0.8199999999999998
186,2,2.51,58.36,2.0,0.5099999999999998
186,3,3.64,73.02,1.0,2.64
186,4,3.21,77.21,2.0,1.21
186,5,3.23,72.93,5.0,-1.77
186,6,2.54,70.36,3.0,-0.45999999999999996
186,8,2.42,45.93,6.0,-3.58
186,9,2.97,68.68,5.0,-2.03
189,10,2.97,56.83,2.0,0.9700000000000002
189,1,2.15,35.53,2.0,0.1499999999999999
189,2,2.95,66.07,2.0,0.9500000000000002
189,3,3.8,66.07,9.0,-5.2
189,4,3.54,73.02,2.0,1.54
189,5,3.69,71.66,2.0,1.69
189,6,2.88,71.66,3.0,-0.1200000000000001
189,8,3.17,59.29,3.0,0.16999999999999993
189,9,3.05,56.83,2.0,1.0499999999999998
191,10,3.14,38.21,1.0,2.14
191,5,2.98,4.74,0.0,2.98
191,6,2.58,11.37,0.0,2.58
191,8,3.35,35.37,0.0,3.35
191,9,3.35,30.95,0.0,3.35
194,10,2.73,80.4,1.0,1.73
194,1,2.59,70.17,1.0,1.5899999999999999
194,2,2.66,77.21,1.0,1.6600000000000001
194,3,3.57,73.79,2.0,1.5699999999999998
194,4,2.72,71.0,2.0,0.7200000000000002
194,5,2.61,71.0,2.0,0.6099999999999999
194,6,1.96,71.0,6.0,-4.04
194,8,2.98,71.0,6.0,-3.02
194,9,2.86,80.4,2.0,0.8599999999999999
195,10,2.91,60.17,1.0,1.9100000000000001
195,1,3.1,73.4,2.0,1.1
195,2,3.03,69.55,2.0,1.0299999999999998
195,3,3.87,69.55,1.0,2.87
195,4,3.31,73.02,6.0,-2.69
195,5,3.52,73.4,8.0,-4.48
195,6,2.76,73.4,3.0,-0.2400000000000002
195,8,3.17,62.67,2.0,1.17
195,9,3.02,60.17,1.0,2.02
197,1,2.61,78.65,2.0,0.6099999999999999
197,2,2.48,73.02,1.0,1.48
197,3,3.35,70.36,2.0,1.35
197,4,2.59,70.36,2.0,0.5899999999999999
197,5,2.48,70.36,1.0,1.48
197,6,1.83,70.36,6.0,-4.17
197,8,2.81,70.36,6.0,-3.19
199,10,2.93,84.55,1.0,1.9300000000000002
199,1,2.93,63.5,2.0,0.9300000000000002
199,2,2.86,84.55,1.0,1.8599999999999999
199,3,4.02,84.55,2.0,2.0199999999999996
199,4,3.05,84.55,2.0,1.0499999999999998
199,5,2.93,85.43,2.0,0.9300000000000002
199,6,2.23,85.43,6.0,-3.77
199,8,3.37,83.89,8.0,-4.63
199,9,3.02,84.55,2.0,1.02
200,10,1.79,37.79,1.0,0.79
200,1,2.2,63.5,1.0,1.2000000000000002
200,2,2.4,60.86,1.0,1.4
200,3,2.62,60.86,1.0,1.62
200,4,1.69,37.79,1.0,0.69
200,5,1.86,37.79,1.0,0.8600000000000001
200,6,1.59,29.47,1.0,0.5900000000000001
200,8,1.74,26.95,1.0,0.74
200,9,2.21,50.17,1.0,1.21
201,10,2.28,77.17,1.0,1.2799999999999998
201,1,1.98,74.21,1.0,0.98
201,2,2.95,57.07,6.0,-3.05
201,3,3.23,36.21,1.0,2.23
201,4,2.09,77.98,1.0,1.0899999999999999
201,5,3.16,77.98,2.0,1.1600000000000001
201,6,1.84,68.5,1.0,0.8400000000000001
201,8,3.03,68.5,1.0,2.03
201,9,3.06,64.17,0.0,3.06
204,10,2.57,54.93,5.0,-2.43
204,1,2.22,51.5,2.0,0.2200000000000002
204,2,2.76,59.12,3.0,-0.2400000000000002
204,3,3.43,69.04,0.0,3.43
204,4,1.99,31.97,2.0,-0.010000000000000009
204,5,2.5,45.93,5.0,-2.5
204,6,2.28,55.64,1.0,1.2799999999999998
204,8,2.61,47.21,1.0,1.6099999999999999
204,9,2.26,40.74,4.0,-1.7400000000000002
205,10,2.95,71.66,2.0,0.9500000000000002
205,1,2.37,59.12,1.0,1.37
205,2,3.02,69.04,3.0,0.020000000000000018
205,3,3.24,58.5,8.0,-4.76
205,4,2.66,69.04,1.0,1.6600000000000001
205,5,3.03,66.41,2.0,1.0299999999999998
205,6,2.39,60.86,1.0,1.3900000000000001
205,8,2.95,60.07,5.0,-2.05
205,9,2.78,60.86,7.0,-4.220000000000001
209,10,2.48,82.36,1.0,1.48
209,1,2.22,82.36,1.0,1.2200000000000002
209,2,3.18,83.89,6.0,-2.82
209,3,3.58,76.36,1.0,2.58
209,4,2.26,83.45,1.0,1.2599999999999998
209,5,3.39,83.45,2.0,1.3900000000000001
209,6,1.99,78.5,1.0,0.99
209,8,3.24,82.36,7.0,-3.76
209,9,3.3,82.36,0.0,3.3
210,10,3.23,35.37,0.0,3.23
210,1,3.41,79.98,13.0,-9.59
210,2,4.03,79.98,-1.0,5.03
210,3,4.7,80.4,6.0,-1.2999999999999998
210,4,3.52,79.98,7.0,-3.48
210,5,4.22,79.98,9.0,-4.78
210,6,3.56,79.98,5.0,-1.44
210,8,4.67,79.98,2.0,2.67
210,9,3.94,68.26,0.0,3.94
211,10,2.28,71.29,1.0,1.2799999999999998
211,1,2.11,68.68,2.0,0.10999999999999988
211,2,2.25,63.5,2.0,0.25
211,3,2.52,68.68,2.0,0.52
211,4,2.24,76.5,2.0,0.2400000000000002
211,5,2.47,73.02,1.0,1.4700000000000002
211,6,2.08,71.29,2.0,0.08000000000000007
211,8,2.44,71.29,10.0,-7.5600000000000005
211,9,2.71,82.79,1.0,1.71
220,10,2.31,76.5,2.0,0.31000000000000005
220,1,2.22,73.4,2.0,0.2200000000000002
220,2,2.58,76.9,2.0,0.5800000000000001
220,3,2.79,76.9,6.0,-3.21
220,4,2.26,80.4,1.0,1.2599999999999998
220,5,2.59,80.4,2.0,0.5899999999999999
220,6,2.15,78.65,1.0,1.15
220,8,2.51,76.9,8.0,-5.49
221,10,2.31,16.84,1.0,1.31
221,1,2.96,33.68,0.0,2.96
221,2,2.24,37.79,0.0,2.24
221,3,2.03,33.68,0.0,2.03
221,4,2.16,33.68,0.0,2.16
221,5,2.93,29.47,0.0,2.93
221,6,2.25,49.5,0.0,2.25
221,9,2.68,21.58,6.0,-3.32
222,10,1.82,7.11,1.0,0.8200000000000001
222,6,1.69,10.53,3.0,-1.31
222,9,2.25,11.37,1.0,1.25
223,10,1.49,23.68,1.0,0.49
223,1,1.8,17.68,1.0,0.8
223,2,1.75,15.16,1.0,0.75
223,3,1.61,11.05,1.0,0.6100000000000001
223,4,1.51,15.79,1.0,0.51
223,5,1.69,15.79,1.0,0.69
223,6,1.55,15.79,0.0,1.55
223,9,1.58,23.68,1.0,0.5800000000000001
224,2,1.51,13.47,1.0,0.51
224,3,1.49,12.89,1.0,0.49
224,4,1.35,11.84,1.0,0.3500000000000001
224,5,1.46,11.84,0.0,1.46
224,6,1.39,11.84,0.0,1.39
225,10,3.46,72.21,2.0,1.46
225,1,4.18,73.4,7.0,-2.8200000000000003
225,2,3.78,63.5,15.0,-11.22
225,3,3.32,68.68,13.0,-9.68
225,4,3.42,69.91,2.0,1.42
225,5,4.59,69.91,1.0,3.59
225,9,3.37,52.07,2.0,1.37
227,10,3.89,73.4,2.0,1.8900000000000001
227,1,4.98,76.9,5.0,-0.019999999999999574
227,2,4.85,74.28,1.0,3.8499999999999996
227,3,3.1,37.79,0.0,3.1
227,4,2.57,28.42,0.0,2.57
227,5,3.29,28.42,1.0,2.29
227,6,3.78,58.5,1.0,2.78
227,9,4.21,64.36,1.0,3.21
228,10,2.68,81.71,0.0,2.68
228,1,3.51,84.55,2.0,1.5099999999999998
228,2,2.63,82.14,1.0,1.63
228,3,2.37,82.14,8.0,-5.63
228,4,2.55,83.67,2.0,0.5499999999999998
228,5,3.5,83.67,1.0,2.5
228,6,2.56,81.71,0.0,2.56
228,9,3.08,81.71,0.0,3.08
231,10,2.52,57.5,2.0,0.52
231,2,2.27,37.79,1.0,1.27
231,3,1.89,33.68,3.0,-1.11
231,4,2.28,50.17,1.0,1.2799999999999998
231,5,2.74,50.17,1.0,1.7400000000000002
231,6,1.8,22.11,1.0,0.8
231,8,1.97,19.34,1.0,0.97
231,9,2.2,36.32,2.0,0.20000000000000018
233,10,3.33,73.98,2.0,1.33
233,1,3.8,69.04,6.0,-2.2
233,2,3.12,47.69,4.0,-0.8799999999999999
233,3,3.04,68.68,14.0,-10.96
233,4,3.29,73.4,2.0,1.29
233,5,4.31,73.4,2.0,2.3099999999999996
233,6,3.96,80.4,1.0,2.96
233,9,3.71,69.91,3.0,0.71
237,10,1.43,11.84,0.0,1.43
237,1,1.52,15.79,1.0,0.52
237,2,1.51,6.58,0.0,1.51
237,3,1.42,2.63,1.0,0.41999999999999993
237,4,1.42,13.82,0.0,1.42
237,5,1.55,13.82,0.0,1.55
237,6,1.58,12.63,1.0,0.5800000000000001
237,9,1.44,8.11,0.0,1.44
238,10,3.75,87.81,2.0,1.75
238,1,4.17,87.81,3.0,1.17
238,2,3.95,87.81,1.0,2.95
238,3,2.97,87.81,7.0,-4.029999999999999
238,4,3.48,87.81,3.0,0.48
238,5,4.27,87.81,2.0,2.2699999999999996
238,6,3.62,87.81,1.0,2.62
238,9,3.79,87.8,11.0,-7.21
242,10,1.75,30.39,1.0,0.75
242,1,2.65,53.5,1.0,1.65
242,2,2.3,40.07,0.0,2.3
242,3,2.28,49.21,1.0,1.2799999999999998
242,4,1.53,17.76,1.0,0.53
242,5,1.73,17.76,1.0,0.73
242,6,2.3,45.6,1.0,1.2999999999999998
242,9,1.73,19.89,0.0,1.73
245,10,2.33,69.04,2.0,0.33000000000000007
245,1,2.74,71.66,2.0,0.7400000000000002
245,2,2.56,68.68,2.0,0.56
245,3,2.28,68.68,3.0,-0.7200000000000002
245,4,2.24,66.07,0.0,2.24
245,5,2.6,66.07,2.0,0.6000000000000001
245,6,2.32,66.07,8.0,-5.68
245,9,2.62,69.04,0.0,2.62
246,10,2.69,77.5,5.0,-2.31
246,1,3.02,73.4,2.0,1.02
246,2,2.87,71.66,1.0,1.87
246,3,2.45,69.55,8.0,-5.55
246,4,2.57,71.66,1.0,1.5699999999999998
246,5,3.04,71.66,5.0,-1.96
246,6,2.89,78.65,2.0,0.8900000000000001
246,9,2.88,73.4,3.0,-0.1200000000000001
249,10,3.47,84.55,1.0,2.47
249,1,3.61,78.5,1.0,2.61
249,2,2.21,78.5,0.0,2.21
249,3,3.5,76.36,1.0,2.5
249,4,2.08,83.67,1.0,1.08
249,5,2.75,83.67,2.0,0.75
249,6,2.73,83.67,0.0,2.73
249,8,1.93,82.86,-1.0,2.9299999999999997
249,9,3.8,84.55,6.0,-2.2
251,10,1.64,9.21,0.0,1.64
251,1,2.22,24.87,0.0,2.22
251,2,1.85,24.87,0.0,1.85
251,3,2.22,22.11,0.0,2.22
251,4,1.52,9.47,0.0,1.52
251,5,1.69,9.47,0.0,1.69
251,6,1.61,9.47,0.0,1.61
251,8,1.45,3.87,0.0,1.45
251,9,1.73,3.95,1.0,0.73
254,10,3.91,74.74,1.0,2.91
254,1,3.53,56.36,1.0,2.53
254,2,2.49,74.74,1.0,1.4900000000000002
254,3,3.6,74.74,1.0,2.6
254,4,2.3,81.58,1.0,1.2999999999999998
254,5,2.77,81.58,2.0,0.77
254,6,2.94,81.58,2.0,0.94
254,8,2.16,72.87,0.0,2.16
254,9,4.02,81.8,8.0,-3.9800000000000004
255,10,3.76,54.93,1.0,2.76
255,1,4.59,64.33,5.0,-0.41000000000000014
255,2,3.4,64.33,2.0,1.4
255,3,4.92,64.33,2.0,2.92
255,4,3.09,64.33,5.0,-1.9100000000000001
255,5,4.03,64.33,2.0,2.0300000000000002
255,6,3.45,64.33,1.0,2.45
255,8,3.32,63.91,1.0,2.32
255,9,4.88,66.07,5.0,-0.1200000000000001
258,10,3.51,73.5,7.0,-3.49
258,1,3.48,73.89,8.0,-4.52
258,2,2.25,73.89,0.0,2.25
258,3,3.43,73.89,1.0,2.43
258,4,2.2,78.65,1.0,1.2000000000000002
258,5,2.87,78.65,0.0,2.87
258,6,2.84,78.65,0.0,2.84
258,8,2.0,67.69,2.0,0.0
258,9,3.67,69.07,8.0,-4.33
259,10,3.63,76.9,2.0,1.63
259,1,3.74,75.5,2.0,1.7400000000000002
259,2,2.9,75.5,2.0,0.8999999999999999
259,3,3.82,71.0,1.0,2.82
259,4,2.42,64.33,4.0,-1.58
259,5,3.12,68.68,2.0,1.12
259,6,2.82,68.68,5.0,-2.18
259,8,2.56,65.09,7.0,-4.4399999999999995
259,9,3.46,64.33,3.0,0.45999999999999996
260,10,2.4,14.74,1.0,1.4
260,1,2.07,5.26,0.0,2.07
260,2,1.71,5.26,0.0,1.71
260,3,2.17,5.26,6.0,-3.83
260,4,2.13,28.42,1.0,1.13
260,5,2.44,33.68,0.0,2.44
260,6,2.06,24.87,0.0,2.06
260,8,1.95,18.05,0.0,1.95
260,9,2.62,14.74,0.0,2.62
261,10,5.21,78.65,1.0,4.21
261,1,5.39,76.9,5.0,0.3899999999999997
261,2,3.85,76.9,7.0,-3.15
261,3,5.83,76.9,7.0,-1.17
261,4,2.87,49.21,0.0,2.87
261,5,4.02,56.83,1.0,3.0199999999999996
261,6,3.76,71.66,2.0,1.7599999999999998
261,8,3.64,74.97,7.0,-3.36
261,9,5.69,75.5,18.0,-12.309999999999999
262,10,2.78,35.0,1.0,1.7799999999999998
262,1,3.41,44.64,0.0,3.41
262,2,2.6,44.64,4.0,-1.4
262,3,3.7,44.64,1.0,2.7
262,4,1.86,26.05,1.0,0.8600000000000001
262,5,2.19,22.11,1.0,1.19
262,6,1.96,22.11,6.0,-4.04
262,8,2.12,30.69,1.0,1.12
262,9,3.19,37.79,0.0,3.19
264,10,4.38,69.55,2.0,2.38
264,3,3.36,18.95,2.0,1.3599999999999999
264,4,3.1,68.68,7.0,-3.9
264,5,4.14,71.66,2.0,2.1399999999999997
264,6,3.42,65.21,1.0,2.42
264,8,3.3,68.16,2.0,1.2999999999999998
264,9,4.9,69.55,8.0,-3.0999999999999996
265,1,2.75,74.28,2.0,0.75
265,2,2.26,74.28,2.0,0.2599999999999998
265,3,2.82,74.28,2.0,0.8199999999999998
265,4,2.24,79.26,1.0,1.2400000000000002
265,5,2.58,79.26,2.0,0.5800000000000001
265,6,2.42,79.26,2.0,0.41999999999999993
265,8,2.27,77.68,1.0,1.27
265,9,2.84,74.76,1.0,1.8399999999999999
266,10,3.23,78.65,2.0,1.23
266,1,3.03,66.83,10.0,-6.970000000000001
266,2,2.47,66.83,2.0,0.4700000000000002
266,3,3.03,60.17,2.0,1.0299999999999998
266,4,2.52,78.24,1.0,1.52
266,5,2.93,76.5,2.0,0.9300000000000002
266,6,2.71,76.5,1.0,1.71
266,8,2.42,70.22,2.0,0.41999999999999993
266,9,3.24,71.29,6.0,-2.76
268,10,3.67,80.4,1.0,2.67
268,1,3.51,70.36,1.0,2.51
268,2,2.24,70.36,3.0,-0.7599999999999998
268,3,3.45,70.36,1.0,2.45
268,4,2.2,76.5,1.0,1.2000000000000002
268,5,2.88,76.5,2.0,0.8799999999999999
268,6,2.83,76.5,0.0,2.83
268,8,2.11,78.79,2.0,0.10999999999999988
268,9,4.01,80.4,6.0,-1.9900000000000002
269,10,2.43,64.21,1.0,1.4300000000000002
269,1,1.79,8.42,0.0,1.79
269,2,1.59,10.53,0.0,1.59
269,3,1.83,10.53,0.0,1.83
269,4,1.41,3.16,1.0,0.4099999999999999
269,5,1.6,11.05,2.0,-0.3999999999999999
269,6,1.55,11.05,2.0,-0.44999999999999996
269,8,2.08,55.93,1.0,1.08
269,9,2.27,27.63,0.0,2.27
271,10,2.87,41.0,6.0,-3.13
271,1,2.59,32.24,1.0,1.5899999999999999
271,2,2.06,32.24,1.0,1.06
271,3,2.76,32.24,0.0,2.76
271,4,1.84,29.47,0.0,1.84
271,5,2.22,28.63,1.0,1.2200000000000002
271,6,1.99,28.63,11.0,-9.01
271,8,2.02,30.69,1.0,1.02
271,9,2.69,27.63,5.0,-2.31
272,1,3.47,83.02,1.0,2.47
272,2,2.11,83.02,-1.0,3.11
272,3,3.36,82.14,0.0,3.36
272,5,2.66,3.16,0.0,2.66
272,6,3.36,28.0,2.0,1.3599999999999999
272,9,3.61,74.1,2.0,1.6099999999999999
274,10,1.58,15.47,0.0,1.58
274,1,1.7,15.63,1.0,0.7
274,2,2.2,33.16,5.0,-2.8
274,3,2.43,56.83,2.0,0.43000000000000016
274,4,2.9,55.64,1.0,1.9
274,5,2.34,47.45,1.0,1.3399999999999999
274,6,2.8,64.33,1.0,1.7999999999999998
274,9,1.73,13.26,1.0,0.73
275,10,2.59,68.64,2.0,0.5899999999999999
275,1,3.04,69.91,2.0,1.04
275,2,2.92,66.41,1.0,1.92
275,3,2.33,53.5,1.0,1.33
275,4,3.37,69.55,3.0,0.3700000000000001
275,5,2.88,68.68,2.0,0.8799999999999999
275,9,2.92,65.17,1.0,1.92
276,10,3.57,57.07,1.0,2.57
276,1,4.72,85.43,1.0,3.7199999999999998
276,2,4.87,32.42,0.0,4.87
276,3,3.54,4.53,0.0,3.54
276,5,4.52,9.05,0.0,4.52
276,6,4.45,50.64,1.0,3.45
276,9,4.82,64.57,1.0,3.8200000000000003
277,10,2.16,53.5,2.0,0.16000000000000014
277,1,2.76,63.5,1.0,1.7599999999999998
277,9,2.46,53.5,2.0,0.45999999999999996
279,10,2.36,40.17,6.0,-3.64
279,1,3.27,51.5,1.0,2.27
279,2,2.99,46.83,0.0,2.99
279,3,3.16,53.79,2.0,1.1600000000000001
279,4,5.06,76.9,22.0,-16.94
279,5,4.12,76.9,9.0,-4.88
279,6,3.5,58.36,1.0,2.5
279,9,2.35,27.63,12.0,-9.65
280,10,3.44,83.89,1.0,2.44
280,1,4.48,85.43,1.0,3.4800000000000004
280,2,4.83,85.43,2.0,2.83
280,3,3.54,85.43,1.0,2.54
280,4,5.26,85.43,12.0,-6.74
280,5,4.56,85.43,2.0,2.5599999999999996
280,6,4.31,83.89,5.0,-0.6900000000000004
280,9,4.63,83.9,1.0,3.63
281,10,3.65,87.43,2.0,1.65
281,1,4.53,81.42,1.0,3.5300000000000002
281,2,4.68,87.43,2.0,2.6799999999999997
281,3,3.66,87.43,1.0,2.66
281,4,5.0,87.81,6.0,-1.0
281,5,4.46,87.81,2.0,2.46
281,6,4.52,87.81,8.0,-3.4800000000000004
281,9,4.5,87.4,2.0,2.5
282,10,2.34,66.83,1.0,1.3399999999999999
282,1,2.97,78.24,1.0,1.9700000000000002
282,2,2.99,77.21,2.0,0.9900000000000002
282,3,2.63,78.24,1.0,1.63
282,4,3.2,76.5,3.0,0.20000000000000018
282,5,2.77,72.93,2.0,0.77
282,6,2.81,76.5,2.0,0.81
282,9,2.78,73.02,2.0,0.7799999999999998
283,10,5.17,79.26,2.0,3.17
283,1,6.94,79.52,12.0,-5.06
283,2,6.79,79.52,2.0,4.79
283,3,5.92,82.79,8.0,-2.08
283,4,8.03,78.65,3.0,5.029999999999999
283,5,6.09,76.9,10.0,-3.91
283,6,6.47,80.4,3.0,3.4699999999999998
283,9,6.63,81.02,5.0,1.63
284,10,3.01,20.21,0.0,3.01
284,1,5.0,82.79,1.0,4.0
284,2,5.39,82.14,2.0,3.3899999999999997
284,3,3.86,78.24,1.0,2.86
284,4,5.13,65.02,9.0,-3.87
284,5,4.21,58.36,2.0,2.21
284,6,4.27,67.57,1.0,3.2699999999999996
285,10,4.54,82.14,0.0,4.54
285,1,5.98,83.67,1.0,4.98
285,2,6.3,82.14,3.0,3.3
285,3,4.79,82.14,0.0,4.79
285,4,7.09,82.14,17.0,-9.91
285,5,5.93,82.14,2.0,3.9299999999999997
285,6,5.66,82.14,1.0,4.66
285,9,6.2,83.7,0.0,6.2
287,1,2.02,18.95,0.0,2.02
287,2,2.89,50.17,0.0,2.89
287,3,2.81,58.36,0.0,2.81
287,6,1.79,1.32,0.0,1.79
288,10,2.72,48.07,5.0,-2.28
288,5,1.8,2.11,0.0,1.8
288,6,2.26,11.05,1.0,1.2599999999999998
288,9,3.06,45.21,1.0,2.06
291,10,1.5,1.32,0.0,1.5
291,3,1.54,0.66,0.0,1.54
291,5,1.49,1.05,0.0,1.49
291,6,1.62,3.95,0.0,1.62
292,10,3.18,68.26,1.0,2.18
292,2,2.72,1.05,0.0,2.72
292,3,2.68,12.63,1.0,1.6800000000000002
292,4,3.15,24.87,7.0,-3.85
292,5,3.21,30.95,1.0,2.21
292,6,2.64,23.68,1.0,1.6400000000000001
292,9,4.78,82.79,0.0,4.78
293,10,3.38,66.41,3.0,0.3799999999999999
293,1,4.68,73.4,2.0,2.6799999999999997
293,2,4.58,73.4,9.0,-4.42
293,3,4.21,79.26,2.0,2.21
293,4,5.78,78.65,14.0,-8.219999999999999
293,5,4.43,74.76,2.0,2.4299999999999997
293,6,4.37,71.66,3.0,1.37
293,9,4.04,64.33,4.0,0.040000000000000036
294,10,2.02,31.97,1.0,1.02
294,1,2.02,18.42,1.0,1.02
294,2,2.3,37.79,4.0,-1.7000000000000002
294,3,2.59,56.83,2.0,0.5899999999999999
294,4,3.48,63.5,6.0,-2.52
294,5,2.9,60.07,2.0,0.8999999999999999
294,6,3.19,67.79,3.0,0.18999999999999995
294,9,2.63,50.17,1.0,1.63
295,10,3.13,70.17,1.0,2.13
295,1,2.51,68.68,0.0,2.51
295,2,3.0,76.9,7.0,-4.0
295,3,2.93,74.28,1.0,1.9300000000000002
295,4,2.41,76.9,1.0,1.4100000000000001
295,5,1.19,76.9,-1.0,2.19
295,6,3.86,72.07,4.0,-0.14000000000000012
295,8,3.77,82.14,1.0,2.77
295,9,2.4,70.17,-1.0,3.4
296,10,1.67,7.89,0.0,1.67
296,1,2.25,16.58,1.0,1.25
296,2,2.24,16.58,1.0,1.2400000000000002
296,3,2.17,21.05,4.0,-1.83
296,4,2.94,39.93,6.0,-3.06
296,5,3.13,58.36,6.0,-2.87
296,6,2.52,42.07,1.0,1.52
296,9,1.87,7.89,1.0,0.8700000000000001
297,10,3.16,60.86,6.0,-2.84
297,1,3.86,58.36,9.0,-5.140000000000001
297,2,4.06,64.33,-2.0,6.06
297,6,3.26,49.79,2.0,1.2599999999999998
297,9,3.53,54.93,1.0,2.53
299,1,3.74,75.17,6.0,-2.26
299,2,4.79,78.93,6.0,-1.21
299,3,3.73,75.17,1.0,2.73
299,4,4.39,75.17,1.0,3.3899999999999997
299,5,4.56,73.12,6.0,-1.4400000000000004
299,6,3.63,65.98,2.0,1.63
299,8,3.42,25.79,0.0,3.42
299,9,3.7,69.5,1.0,2.7
300,10,4.82,65.21,0.0,4.82
300,1,2.54,29.47,3.0,-0.45999999999999996
300,2,4.27,52.07,10.0,-5.73
300,3,2.47,33.16,8.0,-5.529999999999999
300,4,4.22,63.5,4.0,0.21999999999999975
300,5,4.31,53.5,3.0,1.3099999999999996
300,6,3.87,65.21,2.0,1.87
300,8,3.87,63.5,1.0,2.87
300,9,4.07,65.21,2.0,2.0700000000000003
301,10,6.62,73.02,6.0,0.6200000000000001
301,1,4.76,69.55,6.0,-1.2400000000000002
301,2,6.37,69.55,14.0,-7.63
301,3,4.4,69.55,5.0,-0.5999999999999996
301,4,5.3,69.55,2.0,3.3
301,5,5.98,61.83,1.0,4.98
301,6,4.94,71.66,7.0,-2.0599999999999996
301,8,5.07,73.02,10.0,-4.93
301,9,5.47,74.28,8.0,-2.5300000000000002
302,10,4.06,19.74,0.0,4.06
302,1,3.67,37.79,0.0,3.67
302,2,4.8,33.16,1.0,3.8
302,3,3.66,43.5,0.0,3.66
302,4,4.55,58.79,3.0,1.5499999999999998
302,5,4.52,40.14,10.0,-5.48
302,6,4.11,63.5,2.0,2.1100000000000003
302,8,4.12,63.5,6.0,-1.88
303,10,3.58,33.68,8.0,-4.42
303,1,4.22,62.92,1.0,3.2199999999999998
303,2,4.68,48.83,3.0,1.6799999999999997
303,3,3.31,50.17,0.0,3.31
303,4,3.78,43.12,2.0,1.7799999999999998
303,5,5.26,58.36,4.0,1.2599999999999998
303,6,2.67,29.47,1.0,1.67
303,8,2.9,33.68,1.0,1.9
303,9,3.06,33.68,1.0,2.06
304,10,5.49,71.29,0.0,5.49
304,1,4.87,67.79,3.0,1.87
304,2,4.42,67.79,5.0,-0.5800000000000001
304,3,5.52,70.36,1.0,4.52
304,4,6.07,76.5,15.0,-8.93
304,5,5.62,73.02,8.0,-2.38
304,6,5.46,70.91,2.0,3.46
304,9,4.58,69.15,2.0,2.58
305,10,3.11,39.93,1.0,2.11
305,1,3.33,62.6,3.0,0.33000000000000007
305,2,3.97,57.38,1.0,2.97
305,3,2.87,54.93,0.0,2.87
305,4,3.17,48.83,0.0,3.17
305,5,4.15,60.07,0.0,4.15
305,6,2.86,45.93,0.0,2.86
305,8,2.56,39.93,10.0,-7.4399999999999995
305,9,2.69,39.93,2.0,0.69
306,10,5.94,83.02,18.0,-12.059999999999999
306,1,4.93,83.02,7.0,-2.0700000000000003
306,2,6.45,83.02,11.0,-4.55
306,3,4.77,80.64,0.0,4.77
306,4,5.79,80.64,1.0,4.79
306,5,6.04,74.74,12.0,-5.96
306,6,4.93,81.5,2.0,2.9299999999999997
306,8,5.18,81.5,9.0,-3.8200000000000003
306,9,5.14,81.5,1.0,4.14
307,10,4.45,87.81,6.0,-1.5499999999999998
307,1,3.92,86.76,7.0,-3.08
307,2,4.73,86.76,6.0,-1.2699999999999996
307,3,4.02,86.76,1.0,3.0199999999999996
307,4,4.53,87.81,1.0,3.5300000000000002
307,5,4.71,87.81,6.0,-1.29
307,6,4.06,87.81,2.0,2.0599999999999996
307,8,4.28,87.81,6.0,-1.7199999999999998
307,9,3.82,87.8,2.0,1.8199999999999998
309,10,4.51,50.17,0.0,4.51
309,1,3.63,12.0,0.0,3.63
309,3,3.56,1.97,0.0,3.56
309,4,3.99,7.37,0.0,3.99
309,5,4.62,28.74,0.0,4.62
309,8,1.92,1.32,0.0,1.92
309,9,3.49,7.37,0.0,3.49
311,10,4.66,69.55,3.0,1.6600000000000001
311,1,3.51,66.07,1.0,2.51
311,2,3.89,52.07,1.0,2.89
311,3,3.48,70.36,13.0,-9.52
311,4,3.8,61.83,9.0,-5.2
311,5,4.28,56.93,6.0,-1.7199999999999998
311,6,3.58,65.21,3.0,0.5800000000000001
311,8,3.71,67.79,6.0,-2.29
311,9,3.98,71.29,5.0,-1.02
312,10,4.39,70.17,6.0,-1.6100000000000003
312,1,4.23,80.17,6.0,-1.7699999999999996
312,2,5.29,82.14,6.0,-0.71
312,3,3.97,73.12,1.0,2.97
312,4,4.51,71.0,1.0,3.51
312,5,4.51,64.0,6.0,-1.4900000000000002
312,6,3.84,72.93,2.0,1.8399999999999999
312,8,4.27,77.21,6.0,-1.7300000000000004
312,9,4.05,78.24,0.0,4.05
313,10,2.74,73.02,0.0,2.74
313,1,3.54,73.02,12.0,-8.46
313,2,3.82,73.89,1.0,2.82
313,3,3.78,65.02,6.0,-2.22
313,4,4.05,68.64,0.0,4.05
313,5,3.32,26.95,0.0,3.32
313,6,2.45,30.32,1.0,1.4500000000000002
313,8,3.39,71.56,0.0,3.39
313,9,3.06,63.07,2.0,1.06
314,10,5.4,64.33,11.0,-5.6
314,1,3.29,45.6,3.0,0.29000000000000004
314,2,5.71,69.04,9.0,-3.29
314,3,3.81,64.33,2.0,1.81
314,4,4.49,64.33,4.0,0.4900000000000002
314,5,4.98,58.36,4.0,0.9800000000000004
314,6,4.22,66.41,2.0,2.2199999999999998
314,8,4.13,64.33,8.0,-3.87
314,9,4.38,64.33,19.0,-14.620000000000001
315,10,3.64,82.14,6.0,-2.36
315,1,3.04,76.83,3.0,0.040000000000000036
315,2,3.76,83.67,3.0,0.7599999999999998
315,3,2.97,81.71,5.0,-2.03
315,4,3.36,81.71,5.0,-1.6400000000000001
315,5,3.55,69.5,1.0,2.55
315,6,3.12,82.14,2.0,1.12
315,8,3.11,79.98,2.0,1.1099999999999999
315,9,3.21,82.14,0.0,3.21
318,10,7.75,74.76,6.0,1.75
318,1,4.99,68.5,13.0,-8.01
318,2,6.91,68.5,5.0,1.9100000000000001
318,3,4.64,68.5,6.0,-1.3600000000000003
318,4,5.43,66.83,17.0,-11.57
318,5,6.08,55.36,17.0,-10.92
318,6,5.02,63.5,9.0,-3.9800000000000004
318,8,5.76,76.5,6.0,-0.2400000000000002
318,9,6.15,74.76,23.0,-16.85
319,10,2.77,32.0,1.0,1.77
319,1,2.06,26.95,1.0,1.06
319,2,2.63,31.32,1.0,1.63
319,3,2.04,31.32,0.0,2.04
319,4,2.18,26.95,1.0,1.1800000000000002
319,5,2.84,36.83,12.0,-9.16
319,6,2.64,43.5,0.0,2.64
319,8,2.29,30.0,1.0,1.29
319,9,2.42,32.0,1.0,1.42
321,1,1.6,31.58,2.0,-0.3999999999999999
321,2,2.26,67.79,2.0,0.2599999999999998
321,3,2.13,73.89,1.0,1.13
321,4,2.23,78.24,2.0,0.22999999999999998
321,5,2.15,78.24,6.0,-3.85
321,6,2.25,78.24,0.0,2.25
325,10,1.45,5.26,0.0,1.45
325,1,1.72,23.16,1.0,0.72
325,2,1.58,5.26,0.0,1.58
325,3,1.55,13.47,0.0,1.55
325,4,1.71,14.74,0.0,1.71
325,5,2.03,28.42,0.0,2.03
325,6,1.46,3.95,0.0,1.46
325,8,1.53,10.32,0.0,1.53
325,9,1.29,1.58,0.0,1.29
326,10,2.48,29.47,9.0,-6.52
326,1,4.98,73.5,1.0,3.9800000000000004
326,2,4.49,70.36,2.0,2.49
326,3,3.35,60.17,1.0,2.35
326,4,2.42,6.32,1.0,1.42
326,5,2.47,11.05,1.0,1.4700000000000002
326,6,2.54,16.84,1.0,1.54
326,9,2.68,61.79,0.0,2.68
327,10,4.07,81.83,2.0,2.0700000000000003
327,1,3.99,87.81,1.0,2.99
327,2,3.83,87.81,1.0,2.83
327,3,2.56,87.81,3.0,-0.43999999999999995
327,4,4.03,87.81,8.0,-3.9699999999999998
327,5,3.61,87.81,6.0,-2.39
327,6,3.42,85.19,2.0,1.42
327,9,2.0,85.64,0.0,2.0
329,10,3.26,52.64,1.0,2.26
329,1,3.54,37.79,0.0,3.54
329,2,3.04,37.79,1.0,2.04
329,3,2.35,41.6,1.0,1.35
329,4,3.27,82.58,6.0,-2.73
329,5,2.9,80.64,7.0,-4.1
329,6,3.13,76.61,2.0,1.13
329,9,1.77,82.79,0.0,1.77
331,10,1.75,28.63,0.0,1.75
331,1,3.04,73.4,1.0,2.04
331,2,2.99,76.9,1.0,1.9900000000000002
331,3,2.51,73.4,1.0,1.5099999999999998
331,4,2.0,36.83,0.0,2.0
331,5,1.9,35.79,1.0,0.8999999999999999
331,6,1.78,31.26,1.0,0.78
331,9,1.37,19.74,4.0,-2.63
333,10,5.19,78.24,2.0,3.1900000000000004
333,1,4.94,74.28,2.0,2.9400000000000004
333,2,4.71,74.28,1.0,3.71
333,3,3.69,70.36,1.0,2.69
333,4,5.87,82.14,8.0,-2.13
333,5,5.33,81.27,3.0,2.33
333,6,5.03,80.4,7.0,-1.9699999999999998
333,9,3.49,78.24,1.0,2.49
335,10,3.4,53.21,2.0,1.4
335,1,3.95,64.67,2.0,1.9500000000000002
335,2,3.76,64.67,1.0,2.76
335,3,3.24,69.04,10.0,-6.76
335,4,4.89,78.65,3.0,1.8899999999999997
335,5,4.42,77.77,6.0,-1.58
335,6,3.99,73.4,18.0,-14.01
335,9,2.07,24.87,1.0,1.0699999999999998
336,1,1.84,15.47,1.0,0.8400000000000001
336,2,1.89,22.74,1.0,0.8899999999999999
336,3,1.55,9.21,1.0,0.55
336,4,1.91,26.84,0.0,1.91
336,5,1.78,22.11,0.0,1.78
336,6,1.65,18.42,0.0,1.65
336,9,1.27,5.53,0.0,1.27
338,10,2.29,54.93,0.0,2.29
338,1,3.11,80.4,1.0,2.11
338,2,2.54,48.5,0.0,2.54
338,3,2.22,61.83,2.0,0.2200000000000002
338,4,2.25,47.21,2.0,0.25
338,5,2.0,40.07,3.0,-1.0
338,6,1.8,31.58,1.0,0.8
338,9,1.77,50.17,1.0,0.77
340,10,3.71,63.5,0.0,3.71
340,1,4.18,73.4,2.0,2.1799999999999997
340,2,3.97,73.4,1.0,2.97
340,3,3.27,73.4,10.0,-6.73
340,4,4.36,73.4,3.0,1.3600000000000003
340,5,3.94,71.66,10.0,-6.0600000000000005
340,6,3.89,73.4,2.0,1.8900000000000001
340,9,2.75,68.68,2.0,0.75
342,10,3.48,82.79,2.0,1.48
342,1,3.48,55.5,1.0,2.48
342,2,3.03,55.5,0.0,3.03
342,3,2.26,55.5,1.0,1.2599999999999998
342,4,3.26,75.17,11.0,-7.74
342,5,2.95,75.17,8.0,-5.05
342,6,3.23,79.98,2.0,1.23
342,9,1.73,75.17,-2.0,3.73
344,10,1.66,21.05,0.0,1.66
344,1,2.55,51.5,1.0,1.5499999999999998
344,2,2.24,44.64,1.0,1.2400000000000002
344,3,2.16,51.5,4.0,-1.8399999999999999
344,4,3.01,64.33,3.0,0.009999999999999787
344,5,2.76,60.86,1.0,1.7599999999999998
344,6,2.6,59.12,0.0,2.6
344,9,1.48,25.05,0.0,1.48
345,10,3.04,44.64,4.0,-0.96
345,3,2.12,12.63,4.0,-1.88
345,9,1.9,16.84,10.0,-8.1
346,10,2.69,69.55,6.0,-3.31
346,1,2.34,68.68,2.0,0.33999999999999986
346,2,2.66,68.68,3.0,-0.33999999999999986
346,3,2.66,53.79,8.0,-5.34
346,4,2.52,73.4,2.0,0.52
346,5,2.91,71.66,6.0,-3.09
346,6,2.41,68.68,2.0,0.41000000000000014
346,8,3.03,69.55,1.0,2.03
346,9,2.89,71.66,2.0,0.8900000000000001
349,1,2.7,22.11,0.0,2.7
354,10,2.45,31.58,1.0,1.4500000000000002
354,1,3.68,60.07,1.0,2.68
354,2,2.42,45.17,1.0,1.42
354,3,1.77,29.47,1.0,0.77
354,4,3.65,76.9,2.0,1.65
354,5,2.54,58.5,1.0,1.54
354,6,3.22,56.83,1.0,2.22
354,8,2.29,28.42,1.0,1.29
354,9,2.0,11.05,0.0,2.0
356,10,4.71,73.4,5.0,-0.29000000000000004
356,1,4.72,71.66,6.0,-1.2800000000000002
356,2,3.63,73.4,2.0,1.63
356,3,3.19,73.02,6.0,-2.81
356,6,2.39,3.68,0.0,2.39
356,9,4.26,73.4,6.0,-1.7400000000000002
357,10,4.05,78.65,7.0,-2.95
357,1,3.91,69.55,7.0,-3.09
357,2,3.02,69.55,7.0,-3.98
357,3,2.39,69.55,6.0,-3.61
357,4,3.58,78.65,2.0,1.58
357,5,2.11,78.65,0.0,2.11
357,6,4.07,78.65,8.0,-3.9299999999999997
357,8,4.76,82.14,5.0,-0.2400000000000002
357,9,3.65,82.1,7.0,-3.35
358,10,3.06,50.17,2.0,1.06
358,1,3.97,65.5,6.0,-2.03
358,2,2.88,53.64,7.0,-4.12
358,3,2.26,80.64,1.0,1.2599999999999998
358,4,3.19,55.57,2.0,1.19
358,5,1.75,51.12,1.0,0.75
358,6,3.41,46.93,1.0,2.41
358,8,3.82,52.36,1.0,2.82
358,9,2.73,41.83,6.0,-3.27
359,10,3.06,48.07,0.0,3.06
359,1,2.77,33.68,1.0,1.77
359,2,2.22,35.79,0.0,2.22
359,3,1.86,27.63,0.0,1.86
359,4,1.82,10.53,1.0,0.8200000000000001
359,5,1.56,10.53,2.0,-0.43999999999999995
359,6,3.06,40.83,2.0,1.06
359,8,3.95,59.12,2.0,1.9500000000000002
359,9,3.32,59.12,1.0,2.32
365,10,2.11,29.47,8.0,-5.890000000000001
365,1,2.13,18.95,1.0,1.13
365,2,1.8,21.32,1.0,0.8
365,3,1.65,21.32,1.0,0.6499999999999999
365,4,1.71,19.74,1.0,0.71
365,5,1.5,19.74,1.0,0.5
365,6,1.79,19.74,1.0,0.79
365,8,1.98,22.37,1.0,0.98
365,9,1.77,21.71,2.0,-0.22999999999999998
366,10,3.84,78.5,2.0,1.8399999999999999
366,1,4.05,51.5,15.0,-10.95
366,2,3.12,69.02,5.0,-1.88
366,3,2.44,80.64,0.0,2.44
366,4,3.43,74.74,1.0,2.43
366,5,1.89,69.79,0.0,1.89
366,6,3.87,66.98,6.0,-2.13
366,8,4.51,76.36,2.0,2.51
366,9,3.36,78.5,6.0,-2.64
367,10,3.64,70.17,1.0,2.64
367,1,4.37,80.4,8.0,-3.63
367,2,3.29,80.4,0.0,3.29
367,3,2.28,28.0,0.0,2.28
367,4,3.48,67.5,1.0,2.48
367,5,2.07,80.4,1.0,1.0699999999999998
367,6,4.11,80.4,6.0,-1.8899999999999997
367,8,4.51,78.65,2.0,2.51
367,9,3.42,78.24,1.0,2.42
368,10,3.6,40.07,1.0,2.6
368,1,4.21,69.04,3.0,1.21
368,2,3.4,73.4,2.0,1.4
368,3,2.91,73.4,13.0,-10.09
368,4,3.83,78.65,9.0,-5.17
368,5,2.91,76.9,0.0,2.91
368,6,3.6,38.5,0.0,3.6
368,8,3.98,26.95,0.0,3.98
368,9,3.2,33.16,0.0,3.2
369,10,2.84,55.64,7.0,-4.16
369,1,2.28,26.53,3.0,-0.7200000000000002
369,2,2.46,55.31,3.0,-0.54
369,3,2.48,71.66,7.0,-4.52
369,4,3.1,76.9,2.0,1.1
369,5,2.37,69.55,2.0,0.3700000000000001
369,6,3.14,71.66,3.0,0.14000000000000012
369,8,3.66,73.4,2.0,1.6600000000000001
369,9,2.91,66.41,15.0,-12.09
370,10,1.77,29.47,2.0,-0.22999999999999998
370,1,2.4,29.84,1.0,1.4
370,2,1.48,11.84,1.0,0.48
370,3,1.4,11.84,1.0,0.3999999999999999
370,4,1.51,19.74,2.0,-0.49
370,5,1.53,31.32,6.0,-4.47
370,6,2.49,55.31,2.0,0.4900000000000002
370,8,2.83,61.73,1.0,1.83
370,9,1.78,32.21,7.0,-5.22
371,10,3.74,80.4,4.0,-0.2599999999999998
371,1,3.69,71.29,6.0,-2.31
371,2,2.93,71.66,2.0,0.9300000000000002
371,3,2.62,73.4,1.0,1.62
371,4,3.29,81.02,2.0,1.29
371,5,2.62,80.4,2.0,0.6200000000000001
371,6,3.49,78.65,3.0,0.4900000000000002
371,8,4.2,82.79,1.0,3.2
371,9,3.53,82.36,0.0,3.53
373,10,3.73,68.68,2.0,1.73
373,1,3.39,58.36,3.0,0.3900000000000001
373,2,3.02,68.68,3.0,0.020000000000000018
373,3,2.65,68.68,2.0,0.6499999999999999
373,4,3.3,73.4,2.0,1.2999999999999998
373,5,2.66,73.4,2.0,0.6600000000000001
373,6,3.3,66.07,3.0,0.2999999999999998
373,8,4.25,75.15,2.0,2.25
373,9,3.46,71.66,10.0,-6.54
374,10,4.16,80.4,15.0,-10.84
374,1,4.3,73.4,3.0,1.2999999999999998
374,2,3.37,76.9,3.0,0.3700000000000001
374,3,2.93,78.65,1.0,1.9300000000000002
374,4,3.61,81.02,0.0,3.61
374,5,2.6,66.36,0.0,2.6
374,6,3.52,46.93,0.0,3.52
374,8,3.91,29.47,2.0,1.9100000000000001
374,9,3.87,80.4,4.0,-0.1299999999999999
376,10,4.37,87.81,2.0,2.37
376,1,4.74,76.57,6.0,-1.2599999999999998
376,2,3.85,76.57,10.0,-6.15
376,3,2.78,76.57,3.0,-0.2200000000000002
376,4,4.33,86.76,3.0,1.33
376,5,2.54,87.81,2.0,0.54
376,6,4.6,87.81,12.0,-7.4
376,8,5.14,87.81,2.0,3.1399999999999997
376,9,4.37,87.8,2.0,2.37
377,10,3.71,72.64,2.0,1.71
377,1,4.18,80.64,1.0,3.1799999999999997
377,2,3.13,72.07,7.0,-3.87
377,3,2.35,82.36,1.0,1.35
377,4,3.5,79.33,2.0,1.5
377,5,1.93,78.5,0.0,1.93
377,6,3.95,76.36,6.0,-2.05
377,8,4.34,66.36,0.0,4.34
377,9,3.34,74.21,5.0,-1.6600000000000001
380,1,1.58,25.26,0.0,1.58
380,2,1.68,21.32,0.0,1.68
380,3,1.48,6.32,0.0,1.48
380,4,1.43,4.21,0.0,1.43
380,5,1.32,2.11,0.0,1.32
380,6,1.62,2.11,0.0,1.62
381,10,1.34,4.21,0.0,1.34
381,1,2.02,61.83,2.0,0.020000000000000018
381,2,2.33,71.29,0.0,2.33
381,3,1.64,8.42,0.0,1.64
381,4,1.5,14.74,0.0,1.5
381,5,1.27,3.95,1.0,0.27
381,6,1.5,3.95,1.0,0.5
381,8,1.37,5.26,0.0,1.37
381,9,1.3,4.21,0.0,1.3
383,1,1.78,37.79,0.0,1.78
383,2,2.09,44.36,1.0,1.0899999999999999
383,3,2.09,47.21,0.0,2.09
383,4,1.53,12.63,0.0,1.53
383,5,1.33,2.63,0.0,1.33
383,6,1.63,2.63,0.0,1.63
387,10,2.65,55.36,1.0,1.65
387,3,1.93,12.63,4.0,-2.0700000000000003
387,4,2.01,26.53,2.0,0.009999999999999787
387,5,1.93,42.07,2.0,-0.07000000000000006
387,6,2.88,43.5,2.0,0.8799999999999999
387,8,2.92,56.14,5.0,-2.08
387,9,2.52,56.93,1.0,1.52
388,10,2.96,76.36,0.0,2.96
388,1,2.56,82.14,0.0,2.56
388,2,2.76,84.55,7.0,-4.24
388,3,2.71,83.02,1.0,1.71
388,4,2.07,82.14,0.0,2.07
388,6,3.45,66.36,1.0,2.45
388,8,3.04,80.64,1.0,2.04
388,9,2.11,84.55,0.0,2.11
394,10,3.23,70.36,2.0,1.23
394,1,3.06,78.24,2.0,1.06
394,2,3.57,75.5,1.0,2.57
394,3,3.43,78.65,9.0,-5.57
394,4,3.22,76.5,1.0,2.22
394,5,2.43,70.36,1.0,1.4300000000000002
394,6,3.87,70.36,7.0,-3.13
394,8,3.72,70.36,2.0,1.7200000000000002
394,9,3.28,76.5,2.0,1.2799999999999998
397,10,2.58,37.79,0.0,2.58
397,1,3.24,68.68,1.0,2.24
397,2,3.38,52.07,8.0,-4.62
397,3,3.34,53.5,2.0,1.3399999999999999
397,4,2.88,48.83,1.0,1.88
397,5,2.5,56.93,1.0,1.5
397,6,4.29,56.93,1.0,3.29
397,8,2.85,37.79,7.0,-4.15
397,9,2.49,38.26,2.0,0.4900000000000002
398,10,3.76,87.81,2.0,1.7599999999999998
398,1,3.15,87.81,3.0,0.1499999999999999
398,2,3.39,87.81,14.0,-10.61
398,3,3.82,87.81,4.0,-0.18000000000000016
398,4,2.77,87.81,9.0,-6.23
398,5,1.71,87.81,0.0,1.71
398,6,4.47,87.81,1.0,3.4699999999999998
398,8,3.94,87.81,2.0,1.94
398,9,3.26,87.8,1.0,2.26
402,1,2.0,53.5,2.0,0.0
402,2,2.6,63.5,0.0,2.6
402,3,1.91,19.89,0.0,1.91
402,4,1.95,17.05,0.0,1.95
402,5,1.85,17.05,0.0,1.85
405,10,1.69,39.5,2.0,-0.31000000000000005
405,1,2.29,58.36,1.0,1.29
405,2,2.82,50.17,2.0,0.8199999999999998
405,3,2.38,50.17,1.0,1.38
405,4,2.22,45.21,1.0,1.2200000000000002
405,5,2.04,45.21,0.0,2.04
405,6,2.18,45.21,1.0,1.1800000000000002
405,8,2.09,42.07,1.0,1.0899999999999999
405,9,2.29,39.5,1.0,1.29
406,10,2.25,55.36,1.0,1.25
406,1,2.23,45.6,0.0,2.23
406,2,2.59,25.26,2.0,0.5899999999999999
406,3,2.61,44.64,1.0,1.6099999999999999
406,4,2.94,46.17,2.0,0.94
406,5,2.62,46.17,2.0,0.6200000000000001
406,6,2.85,46.17,1.0,1.85
406,8,2.88,55.36,2.0,0.8799999999999999
406,9,3.37,55.36,1.0,2.37
407,10,2.83,84.55,2.0,0.8300000000000001
407,1,3.22,81.71,9.0,-5.779999999999999
407,2,4.81,81.71,2.0,2.8099999999999996
407,3,3.83,83.89,7.0,-3.17
407,4,4.05,85.43,2.0,2.05
407,5,3.59,85.43,1.0,2.59
407,6,3.86,83.89,2.0,1.8599999999999999
407,8,3.75,84.55,1.0,2.75
407,9,4.55,84.55,2.0,2.55
408,10,2.17,52.07,2.0,0.16999999999999993
408,1,2.5,56.83,1.0,1.5
408,2,3.22,51.14,4.0,-0.7799999999999998
408,3,2.5,45.6,2.0,0.5
408,4,2.4,43.5,2.0,0.3999999999999999
408,5,2.16,43.5,9.0,-6.84
408,6,2.34,43.5,2.0,0.33999999999999986
408,8,2.84,60.07,2.0,0.8399999999999999
408,9,3.28,60.07,1.0,2.28
409,10,1.29,83.67,-1.0,2.29
409,1,1.99,82.14,0.0,1.99
409,2,3.47,82.14,7.0,-3.53
409,3,2.55,82.14,2.0,0.5499999999999998
409,4,2.81,82.14,2.0,0.81
409,5,2.75,82.14,2.0,0.75
409,6,3.13,82.14,2.0,1.13
409,8,2.84,83.67,2.0,0.8399999999999999
409,9,3.77,83.67,1.0,2.77
411,10,2.85,76.5,2.0,0.8500000000000001
411,1,2.98,66.07,0.0,2.98
411,2,3.67,35.37,2.0,1.67
411,3,3.21,55.31,12.0,-8.79
411,4,3.19,49.21,2.0,1.19
411,5,2.77,49.21,2.0,0.77
411,6,3.03,49.21,2.0,1.0299999999999998
411,8,3.61,70.36,2.0,1.6099999999999999
411,9,4.32,70.36,5.0,-0.6799999999999997
416,10,1.78,53.69,2.0,-0.21999999999999997
416,1,1.52,19.34,1.0,0.52
416,2,1.81,19.34,0.0,1.81
416,3,1.63,16.58,0.0,1.63
416,4,1.47,7.89,0.0,1.47
416,5,1.42,7.89,2.0,-0.5800000000000001
416,6,1.83,33.16,0.0,1.83
416,8,2.12,56.83,1.0,1.12
416,9,2.34,53.69,0.0,2.34
417,10,1.14,65.21,0.0,1.14
417,1,1.68,65.02,1.0,0.6799999999999999
417,2,2.08,31.97,0.0,2.08
417,4,1.76,14.21,1.0,0.76
417,5,2.04,40.07,7.0,-4.96
417,6,2.53,50.17,2.0,0.5299999999999998
417,8,2.35,63.5,1.0,1.35
417,9,3.05,63.5,1.0,2.05
418,10,1.48,31.32,1.0,0.48
418,1,1.64,22.11,5.0,-3.3600000000000003
418,2,2.08,24.87,2.0,0.08000000000000007
418,3,2.17,45.6,2.0,0.16999999999999993
418,4,2.5,58.36,2.0,0.5
418,5,2.16,54.93,1.0,1.1600000000000001
418,6,2.29,54.93,1.0,1.29
418,8,1.73,31.32,2.0,-0.27
418,9,1.91,31.32,0.0,1.91
422,10,1.36,86.76,1.0,0.3600000000000001
422,1,1.95,15.52,1.0,0.95
422,2,3.53,81.42,2.0,1.5299999999999998
422,3,2.85,81.42,2.0,0.8500000000000001
422,4,2.74,84.07,3.0,-0.2599999999999998
422,5,2.73,84.07,3.0,-0.27
422,6,3.31,84.07,2.0,1.31
422,8,3.0,86.76,2.0,1.0
422,9,3.68,86.8,2.0,1.6800000000000002
423,1,1.51,60.64,0.0,1.51
423,2,2.68,57.5,1.0,1.6800000000000002
423,3,1.99,75.17,5.0,-3.01
423,4,2.24,79.98,2.0,0.2400000000000002
423,5,2.25,79.98,2.0,0.25
423,6,2.67,82.14,1.0,1.67
423,8,2.33,77.67,2.0,0.33000000000000007
423,9,3.1,74.74,1.0,2.1
425,10,3.76,87.81,10.0,-6.24
425,1,4.4,87.81,2.0,2.4000000000000004
425,2,3.1,87.81,1.0,2.1
425,3,4.48,87.81,9.0,-4.52
425,4,4.43,87.81,6.0,-1.5700000000000003
425,5,3.71,87.81,5.0,-1.29
425,6,4.38,87.81,2.0,2.38
425,8,4.01,86.05,2.0,2.01
425,9,3.24,54.9,3.0,0.2400000000000002
427,10,4.86,82.14,7.0,-2.1399999999999997
427,1,7.01,80.4,2.0,5.01
427,2,4.11,78.65,8.0,-3.8899999999999997
427,3,5.97,78.65,6.0,-0.03000000000000025
427,4,5.94,78.65,10.0,-4.06
427,5,5.14,78.65,5.0,0.13999999999999968
427,6,6.61,78.65,9.0,-2.3899999999999997
427,8,6.7,80.5,10.0,-3.3
427,9,4.68,81.16,6.0,-1.3200000000000003
428,10,4.87,76.9,6.0,-1.13
428,1,7.27,76.9,5.0,2.2699999999999996
428,2,4.01,71.66,2.0,2.01
428,3,5.94,71.66,3.0,2.9400000000000004
428,4,5.84,71.29,3.0,2.84
428,5,4.96,71.29,2.0,2.96
428,6,6.39,71.29,2.0,4.39
428,8,6.32,71.56,19.0,-12.68
428,9,4.65,76.29,2.0,2.6500000000000004
429,10,3.03,34.74,6.0,-2.97
429,1,3.51,36.93,1.0,2.51
429,2,2.37,32.84,0.0,2.37
429,3,3.86,42.07,0.0,3.86
429,4,3.22,19.89,0.0,3.22
429,5,3.18,30.32,0.0,3.18
429,6,4.06,30.32,0.0,4.06
429,8,2.92,10.44,0.0,2.92
429,9,2.21,13.78,1.0,1.21
430,10,3.18,83.89,6.0,-2.82
430,1,3.95,78.5,8.0,-4.05
430,2,2.6,84.55,1.0,1.6
430,3,4.16,85.43,6.0,-1.8399999999999999
430,4,3.65,84.55,6.0,-2.35
430,5,3.06,82.58,3.0,0.06000000000000005
430,6,3.9,78.5,2.0,1.9
430,8,3.64,82.21,7.0,-3.36
430,9,2.66,81.37,0.0,2.66
431,10,1.66,15.79,0.0,1.66
431,1,3.05,46.83,1.0,2.05
431,2,1.72,25.26,1.0,0.72
431,3,2.04,23.68,0.0,2.04
431,4,1.67,8.42,0.0,1.67
431,5,1.71,5.26,0.0,1.71
431,6,1.93,15.79,0.0,1.93
431,9,1.36,2.3,0.0,1.36
432,10,3.03,45.5,6.0,-2.97
432,1,3.01,18.95,2.0,1.0099999999999998
432,2,2.62,81.71,4.0,-1.38
432,3,4.24,83.89,6.0,-1.7599999999999998
432,4,3.72,83.02,6.0,-2.28
432,5,3.02,71.07,1.0,2.02
432,6,3.8,63.5,0.0,3.8
432,8,3.48,56.35,0.0,3.48
432,9,2.46,47.74,0.0,2.46
433,10,2.78,83.02,3.0,-0.2200000000000002
433,1,3.23,78.24,2.0,1.23
433,2,2.33,70.17,10.0,-7.67
433,3,3.11,77.21,2.0,1.1099999999999999
433,4,3.1,81.71,3.0,0.10000000000000009
433,5,2.82,81.71,2.0,0.8199999999999998
433,6,3.24,78.93,9.0,-5.76
433,8,3.25,81.36,5.0,-1.75
433,9,2.63,80.53,2.0,0.6299999999999999
436,10,3.35,69.91,6.0,-2.65
436,1,4.4,62.43,7.0,-2.5999999999999996
436,2,2.75,62.43,1.0,1.75
436,3,3.8,41.6,1.0,2.8
436,4,2.95,28.74,1.0,1.9500000000000002
436,5,2.55,28.74,0.0,2.55
436,6,3.22,28.74,5.0,-1.7799999999999998
436,8,2.8,31.33,1.0,1.7999999999999998
436,9,2.07,32.74,1.0,1.0699999999999998
440,10,2.59,73.5,3.0,-0.41000000000000014
440,1,3.07,68.64,1.0,2.07
440,2,2.15,60.17,2.0,0.1499999999999999
440,3,2.86,66.83,3.0,-0.14000000000000012
440,4,2.86,73.02,3.0,-0.14000000000000012
440,5,2.58,73.02,0.0,2.58
440,6,2.97,70.36,1.0,1.9700000000000002
440,8,2.99,72.03,12.0,-9.01
440,9,2.46,71.3,2.0,0.45999999999999996
441,10,1.31,1.05,1.0,0.31000000000000005
441,6,1.49,3.95,0.0,1.49
441,8,1.38,1.03,0.0,1.38
441,9,1.29,1.02,1.0,0.29000000000000004
443,10,3.26,83.89,8.0,-4.74
443,1,4.16,84.55,2.0,2.16
443,2,2.75,84.55,1.0,1.75
443,5,3.05,18.11,0.0,3.05
443,6,4.02,62.17,1.0,3.0199999999999996
443,8,3.75,82.21,1.0,2.75
443,9,2.72,81.37,1.0,1.7200000000000002
444,10,1.48,26.84,2.0,-0.52
444,1,2.05,26.53,0.0,2.05
444,2,1.85,50.64,1.0,0.8500000000000001
444,3,1.82,33.68,1.0,0.8200000000000001
444,4,1.58,27.63,1.0,0.5800000000000001
444,5,1.5,27.63,1.0,0.5
444,6,1.63,27.63,0.0,1.63
444,8,1.6,26.31,1.0,0.6000000000000001
444,9,1.44,26.04,1.0,0.43999999999999995
445,1,3.85,37.79,9.0,-5.15
445,2,2.55,37.79,1.0,1.5499999999999998
445,3,3.55,26.95,6.0,-2.45
445,4,3.75,66.36,6.0,-2.25
445,5,3.08,52.36,2.0,1.08
445,6,3.97,52.36,2.0,1.9700000000000002
445,8,3.84,69.58,1.0,2.84
445,9,2.77,68.87,-2.0,4.77
446,10,2.36,23.21,0.0,2.36
446,1,4.79,69.04,13.0,-8.21
446,2,2.62,53.21,2.0,0.6200000000000001
446,3,4.04,62.6,3.0,1.04
446,4,4.24,68.68,6.0,-1.7599999999999998
446,5,3.53,64.33,2.0,1.5299999999999998
446,6,4.4,64.33,1.0,3.4000000000000004
446,8,4.06,59.95,5.0,-0.9400000000000004
446,9,2.04,10.72,0.0,2.04
447,10,1.28,0.05,0.0,1.28
447,1,1.36,0.05,0.0,1.36
447,2,1.26,0.05,0.0,1.26
447,3,1.32,0.05,0.0,1.32
447,4,1.32,0.05,0.0,1.32
447,5,1.29,0.05,0.0,1.29
447,6,1.35,0.05,0.0,1.35
447,8,1.34,0.05,0.0,1.34
447,9,1.27,0.05,0.0,1.27
448,10,3.39,64.67,1.0,2.39
448,1,3.26,31.97,1.0,2.26
448,2,2.16,31.97,4.0,-1.8399999999999999
448,3,4.24,56.93,12.0,-7.76
448,4,4.08,61.83,6.0,-1.92
448,5,3.49,61.83,1.0,2.49
448,6,4.49,61.83,1.0,3.49
448,8,4.0,59.64,2.0,2.0
448,9,2.81,59.03,1.0,1.81
454,10,2.76,59.42,1.0,1.7599999999999998
454,2,2.04,41.0,1.0,1.04
454,3,2.61,41.0,1.0,1.6099999999999999
454,4,2.71,45.21,4.0,-1.29
454,5,2.35,42.07,0.0,2.35
454,6,2.8,42.07,5.0,-2.2
454,8,3.03,47.72,1.0,2.03
454,9,3.1,72.05,5.0,-1.9
455,10,4.11,81.42,2.0,2.1100000000000003
455,1,2.36,62.64,1.0,1.3599999999999999
455,2,4.06,37.79,3.0,1.0599999999999996
455,3,3.86,81.42,1.0,2.86
455,4,3.48,81.42,8.0,-4.52
455,5,3.02,81.42,4.0,-0.98
455,6,2.89,81.42,1.0,1.8900000000000001
455,8,3.95,81.42,2.0,1.9500000000000002
455,9,4.16,81.4,7.0,-2.84
457,10,4.05,64.93,2.0,2.05
457,1,2.72,83.67,1.0,1.7200000000000002
457,2,3.87,83.67,2.0,1.87
457,3,4.06,83.67,0.0,4.06
457,4,3.28,82.14,6.0,-2.72
457,5,3.11,75.17,2.0,1.1099999999999999
457,6,2.62,67.5,0.0,2.62
457,8,3.37,33.68,2.0,1.37
457,9,4.17,52.64,5.0,-0.8300000000000001
458,10,3.03,41.0,8.0,-4.970000000000001
458,1,3.13,74.28,1.0,2.13
458,2,3.94,68.68,2.0,1.94
458,3,3.86,70.36,2.0,1.8599999999999999
458,4,3.64,71.29,1.0,2.64
458,5,2.97,55.64,5.0,-2.03
458,6,2.43,51.5,5.0,-2.57
458,8,3.14,54.93,2.0,1.1400000000000001
458,9,2.83,43.5,1.0,1.83
460,10,1.88,11.84,0.0,1.88
460,1,2.55,64.67,1.0,1.5499999999999998
460,2,2.62,50.43,1.0,1.62
460,3,2.73,54.77,1.0,1.73
460,4,2.05,38.26,0.0,2.05
460,5,2.03,38.26,0.0,2.03
460,6,1.85,37.79,0.0,1.85
460,8,1.72,13.82,0.0,1.72
460,9,1.79,13.82,0.0,1.79
461,10,3.75,81.71,2.0,1.75
461,1,2.32,84.55,1.0,1.3199999999999998
461,2,3.49,84.55,2.0,1.4900000000000002
461,3,3.61,84.55,1.0,2.61
461,4,2.93,83.02,9.0,-6.07
461,5,2.79,76.83,2.0,0.79
461,6,2.34,67.5,1.0,1.3399999999999999
461,8,3.26,78.93,2.0,1.2599999999999998
461,9,3.84,78.93,6.0,-2.16
463,10,3.52,53.64,0.0,3.52
463,1,2.22,70.36,1.0,1.2200000000000002
463,2,3.46,76.5,2.0,1.46
463,3,3.69,80.4,1.0,2.69
463,4,2.83,72.07,6.0,-3.17
463,5,2.35,49.21,2.0,0.3500000000000001
463,6,2.04,49.21,1.0,1.04
463,8,3.27,71.5,2.0,1.27
463,9,3.82,73.5,0.0,3.82
464,10,2.82,37.79,0.0,2.82
464,1,2.69,59.42,1.0,1.69
464,2,2.93,45.21,2.0,0.9300000000000002
464,3,2.88,46.36,2.0,0.8799999999999999
464,4,2.54,41.0,1.0,1.54
464,5,2.42,39.33,2.0,0.41999999999999993
464,6,2.05,35.79,1.0,1.0499999999999998
464,8,2.54,38.5,1.0,1.54
464,9,2.51,33.0,0.0,2.51
465,10,5.84,78.65,7.0,-1.1600000000000001
465,1,3.58,79.26,2.0,1.58
465,2,4.75,73.4,2.0,2.75
465,3,4.67,76.9,2.0,2.67
465,4,4.2,74.28,3.0,1.2000000000000002
465,5,4.04,73.4,2.0,2.04
465,6,3.32,71.29,2.0,1.3199999999999998
465,8,4.79,78.65,2.0,2.79
465,9,5.13,78.65,14.0,-8.870000000000001
467,10,3.17,83.67,2.0,1.17
467,1,2.46,84.55,2.0,0.45999999999999996
467,2,2.93,82.14,-1.0,3.93
467,3,2.89,83.67,2.0,0.8900000000000001
467,4,2.7,82.14,6.0,-3.3
467,5,2.67,82.14,3.0,-0.33000000000000007
467,6,2.44,82.14,6.0,-3.56
467,8,2.87,83.67,2.0,0.8700000000000001
467,9,3.03,83.67,2.0,1.0299999999999998
468,10,4.29,78.24,2.0,2.29
468,1,2.96,82.79,2.0,0.96
468,2,3.81,78.65,2.0,1.81
468,3,3.67,78.65,2.0,1.67
468,4,3.42,78.65,3.0,0.41999999999999993
468,5,3.35,78.65,10.0,-6.65
468,6,2.89,73.5,2.0,0.8900000000000001
468,8,3.7,78.24,2.0,1.7000000000000002
468,9,3.93,78.24,3.0,0.9300000000000002
469,10,3.83,68.68,2.0,1.83
469,1,2.73,71.66,2.0,0.73
469,2,3.26,64.67,2.0,1.2599999999999998
469,3,3.22,66.41,2.0,1.2200000000000002
469,4,2.79,59.12,11.0,-8.21
469,5,2.7,57.38,2.0,0.7000000000000002
469,6,2.14,46.83,2.0,0.14000000000000012
469,8,3.21,65.21,2.0,1.21
469,9,3.41,65.21,1.0,2.41
470,10,1.82,30.0,0.0,1.82
470,1,1.5,0.12,0.0,1.5
470,2,2.49,7.37,0.0,2.49
470,3,3.03,24.63,0.0,3.03
470,4,1.68,9.47,1.0,0.6799999999999999
470,5,2.39,9.47,0.0,2.39
470,6,1.73,20.53,0.0,1.73
470,8,1.97,14.21,0.0,1.97
470,9,1.98,14.21,1.0,0.98
474,10,2.87,37.79,0.0,2.87
474,1,2.88,50.64,0.0,2.88
474,2,3.56,41.21,0.0,3.56
474,3,2.06,37.02,0.0,2.06
474,4,3.1,16.84,0.0,3.1
474,5,1.09,7.37,0.0,1.09
474,6,3.42,43.5,0.0,3.42
474,8,3.01,37.79,0.0,3.01
474,9,2.18,60.83,0.0,2.18
475,10,2.81,83.02,1.0,1.81
475,1,2.77,31.68,0.0,2.77
475,2,2.65,41.21,2.0,0.6499999999999999
475,3,3.64,41.21,2.0,1.6400000000000001
475,4,2.8,41.21,8.0,-5.2
475,5,2.73,83.45,2.0,0.73
475,6,2.16,83.45,6.0,-3.84
475,8,3.22,83.45,5.0,-1.7799999999999998
475,9,2.85,82.36,9.0,-6.15
477,10,2.32,80.4,1.0,1.3199999999999998
477,1,2.92,73.4,1.0,1.92
477,2,3.74,76.9,6.0,-2.26
477,3,2.05,68.64,2.0,0.04999999999999982
477,4,2.87,58.5,2.0,0.8700000000000001
477,5,3.0,58.5,6.0,-3.0
477,6,3.03,58.5,5.0,-1.9700000000000002
477,8,2.12,78.24,1.0,1.12
477,9,2.81,78.24,1.0,1.81
478,10,2.92,87.81,2.0,0.9199999999999999
478,1,3.9,65.5,2.0,1.9
478,2,4.23,87.81,15.0,-10.77
478,3,2.77,87.81,3.0,-0.22999999999999998
478,4,3.98,87.81,3.0,0.98
478,5,4.48,87.81,6.0,-1.5199999999999996
478,6,4.26,87.81,6.0,-1.7400000000000002
478,8,2.41,87.81,2.0,0.41000000000000014
478,9,3.59,87.8,2.0,1.5899999999999999
480,1,3.11,73.89,4.0,-0.8900000000000001
480,2,3.69,82.79,2.0,1.69
480,3,2.72,82.79,2.0,0.7200000000000002
480,4,2.96,76.5,10.0,-7.04
480,5,3.26,76.5,2.0,1.2599999999999998
480,6,3.57,81.02,2.0,1.5699999999999998
480,8,2.67,82.79,1.0,1.67
480,9,3.03,82.79,1.0,2.03
481,10,1.72,22.11,1.0,0.72
481,1,2.63,31.97,5.0,-2.37
481,2,4.13,69.55,1.0,3.13
481,3,2.92,69.91,1.0,1.92
481,4,1.79,17.76,1.0,0.79
481,5,1.93,17.76,0.0,1.93
481,6,2.03,17.76,1.0,1.0299999999999998
481,8,1.68,23.68,1.0,0.6799999999999999
481,9,2.05,29.47,0.0,2.05
482,10,2.32,66.0,1.0,1.3199999999999998
482,1,2.43,5.89,0.0,2.43
482,2,3.11,18.95,1.0,2.11
482,3,2.03,35.37,1.0,1.0299999999999998
482,4,3.27,58.36,1.0,2.27
482,5,3.39,58.36,1.0,2.39
482,6,3.44,58.36,0.0,3.44
482,8,1.95,46.36,1.0,0.95
482,9,2.4,49.21,1.0,1.4
483,10,2.85,76.9,2.0,0.8500000000000001
483,1,3.68,76.9,10.0,-6.32
483,2,4.12,76.9,2.0,2.12
483,3,2.91,77.5,1.0,1.9100000000000001
483,4,2.71,54.93,1.0,1.71
483,5,2.99,54.93,1.0,1.9900000000000002
483,6,2.67,37.79,11.0,-8.33
483,8,2.21,52.17,2.0,0.20999999999999996
483,9,2.58,52.17,2.0,0.5800000000000001
484,10,2.4,85.43,1.0,1.4
484,1,2.69,51.12,1.0,1.69
484,2,3.68,78.5,7.0,-3.32
484,3,2.15,76.36,2.0,0.1499999999999999
484,4,3.45,80.64,2.0,1.4500000000000002
484,5,3.63,84.55,9.0,-5.37
484,6,3.69,84.55,6.0,-2.31
484,8,2.23,84.55,1.0,1.23
484,9,2.89,85.43,1.0,1.8900000000000001
486,1,4.16,76.9,2.0,2.16
486,2,4.51,76.9,3.0,1.5099999999999998
486,3,3.19,79.26,2.0,1.19
486,4,3.25,64.33,2.0,1.25
486,5,3.6,64.33,3.0,0.6000000000000001
486,6,3.9,64.33,3.0,0.8999999999999999
486,8,2.88,74.28,2.0,0.8799999999999999
486,9,3.27,69.91,1.0,2.27
487,10,2.36,72.07,1.0,1.3599999999999999
487,1,3.14,78.65,-1.0,4.140000000000001
487,2,3.91,76.9,6.0,-2.09
487,3,2.26,73.02,1.0,1.2599999999999998
487,4,3.19,65.21,0.0,3.19
487,5,3.32,65.21,1.0,2.32
487,6,3.36,65.21,6.0,-2.64
487,8,2.05,55.31,1.0,1.0499999999999998
487,9,2.54,56.93,1.0,1.54
491,10,2.38,59.12,2.0,0.3799999999999999
491,1,2.16,33.16,0.0,2.16
491,4,1.57,12.63,0.0,1.57
491,5,1.66,12.63,1.0,0.6599999999999999
491,6,1.73,12.63,1.0,0.73
491,8,1.53,21.71,0.0,1.53
491,9,1.54,14.21,2.0,-0.45999999999999996
493,10,3.37,61.83,6.0,-2.63
493,1,3.92,73.02,2.0,1.92
493,2,4.27,73.4,2.0,2.2699999999999996
493,3,1.99,9.47,1.0,0.99
493,4,2.16,26.32,2.0,0.16000000000000014
493,5,1.85,35.53,1.0,0.8500000000000001
493,6,2.95,35.53,5.0,-2.05
493,8,3.85,64.36,2.0,1.85
493,9,2.97,52.26,2.0,0.9700000000000002
496,1,1.61,3.95,0.0,1.61
496,2,1.45,3.95,0.0,1.45
496,3,1.68,3.95,0.0,1.68
496,4,1.43,3.95,0.0,1.43
503,10,2.53,83.67,2.0,0.5299999999999998
503,1,2.94,78.65,0.0,2.94
503,3,1.92,17.68,1.0,0.9199999999999999
503,4,2.68,72.07,2.0,0.6800000000000002
503,5,2.88,72.07,3.0,-0.1200000000000001
503,6,3.25,80.4,2.0,1.25
503,8,2.39,80.4,2.0,0.3900000000000001
503,9,2.72,80.4,1.0,1.7200000000000002
504,10,3.2,69.02,0.0,3.2
504,1,2.92,40.07,1.0,1.92
504,2,2.56,40.07,1.0,1.56
504,3,1.91,40.07,2.0,-0.09000000000000008
504,4,3.01,56.83,8.0,-4.99
504,5,2.71,56.83,5.0,-2.29
504,6,2.91,67.5,2.0,0.9100000000000001
504,9,1.52,56.83,-2.0,3.52
506,10,2.3,78.65,2.0,0.2999999999999998
506,1,2.49,69.04,1.0,1.4900000000000002
506,2,2.28,66.07,2.0,0.2799999999999998
506,3,2.08,66.07,3.0,-0.9199999999999999
506,4,2.27,76.9,2.0,0.27
506,5,2.67,76.9,1.0,1.67
506,6,2.34,76.9,2.0,0.33999999999999986
506,9,2.51,78.65,3.0,-0.4900000000000002
507,10,2.06,3.16,0.0,2.06
507,1,2.2,15.79,1.0,1.2000000000000002
507,2,3.21,81.71,6.0,-2.79
507,3,2.91,49.21,0.0,2.91
507,4,2.06,23.58,0.0,2.06
507,5,1.1,4.74,0.0,1.1
507,6,2.03,1.58,0.0,2.03
507,9,1.6,1.84,0.0,1.6
508,2,2.53,22.74,1.0,1.5299999999999998
508,3,2.44,44.64,1.0,1.44
508,4,2.02,38.86,1.0,1.02
508,5,2.41,38.86,10.0,-7.59
508,6,3.38,78.65,5.0,-1.62
508,9,3.21,69.91,-2.0,5.21
509,10,1.28,0.39,1.0,0.28
509,1,1.24,0.05,1.0,0.24
509,2,1.32,0.05,0.0,1.32
509,3,1.32,0.05,0.0,1.32
509,4,1.28,0.05,0.0,1.28
509,5,1.28,0.05,0.0,1.28
509,6,1.24,0.05,0.0,1.24
509,8,1.23,0.39,0.0,1.23
509,9,1.26,0.39,0.0,1.26
510,10,2.38,74.28,3.0,-0.6200000000000001
510,1,2.24,63.5,1.0,1.2400000000000002
510,2,2.65,76.9,6.0,-3.35
510,3,2.94,76.9,0.0,2.94
510,4,3.45,76.9,1.0,2.45
510,5,2.78,76.9,1.0,1.7799999999999998
510,6,2.99,75.15,0.0,2.99
510,8,2.46,73.65,1.0,1.46
510,9,3.05,74.28,0.0,3.05
512,10,2.28,79.26,2.0,0.2799999999999998
512,1,1.76,35.53,2.0,-0.24
512,2,2.88,61.83,7.0,-4.12
512,3,2.63,68.64,1.0,1.63
512,4,2.56,65.21,2.0,0.56
512,5,2.36,65.21,1.0,1.3599999999999999
512,6,2.51,65.21,2.0,0.5099999999999998
512,8,2.79,78.65,1.0,1.79
512,9,3.23,79.26,9.0,-5.77
513,10,2.97,46.5,0.0,2.97
513,1,3.93,80.64,1.0,2.93
513,2,2.18,11.05,0.0,2.18
513,3,3.53,7.89,0.0,3.53
513,4,3.23,29.47,0.0,3.23
513,5,2.91,40.36,0.0,2.91
513,6,3.78,46.5,2.0,1.7799999999999998
513,8,3.42,39.55,1.0,2.42
513,9,2.5,48.11,1.0,1.5
514,10,3.25,82.14,1.0,2.25
514,1,2.55,73.4,2.0,0.5499999999999998
514,2,2.09,71.66,2.0,0.08999999999999986
514,3,2.63,68.64,2.0,0.6299999999999999
514,4,2.02,68.64,2.0,0.020000000000000018
514,5,2.72,66.0,6.0,-3.28
514,6,2.61,82.14,3.0,-0.3900000000000001
514,9,2.61,79.68,2.0,0.6099999999999999
515,1,1.94,33.68,1.0,0.94
515,2,1.96,33.68,0.0,1.96
515,3,1.9,28.42,1.0,0.8999999999999999
515,4,2.01,28.42,4.0,-1.9900000000000002
515,5,1.77,28.42,2.0,-0.22999999999999998
515,6,2.64,47.21,1.0,1.6400000000000001
515,8,1.94,37.73,0.0,1.94
516,1,2.91,62.17,1.0,1.9100000000000001
516,2,3.67,78.5,8.0,-4.33
516,3,2.09,78.5,1.0,1.0899999999999999
516,4,3.41,82.58,2.0,1.4100000000000001
516,5,3.61,84.55,7.0,-3.39
516,6,3.67,84.55,9.0,-5.33
516,8,2.12,84.55,-3.0,5.12
519,10,3.07,57.38,2.0,1.0699999999999998
519,1,2.25,29.47,2.0,0.25
519,2,3.15,59.12,2.0,1.15
519,3,2.44,50.17,2.0,0.43999999999999995
519,4,4.14,76.9,3.0,1.1399999999999997
519,5,3.65,71.29,3.0,0.6499999999999999
519,6,3.34,68.68,4.0,-0.6600000000000001
519,9,2.31,58.36,5.0,-2.69
520,10,4.39,84.55,8.0,-3.6100000000000003
520,1,3.9,84.55,6.0,-2.1
520,2,3.36,84.55,7.0,-3.64
520,3,3.52,84.55,-2.0,5.52
520,5,3.66,82.58,1.0,2.66
520,6,3.93,82.58,2.0,1.9300000000000002
520,9,3.74,82.0,0.0,3.74
524,10,2.22,43.5,1.0,1.2200000000000002
524,1,2.17,58.5,1.0,1.17
524,2,2.4,61.79,3.0,-0.6000000000000001
524,3,2.48,69.04,2.0,0.48
524,4,2.11,55.31,1.0,1.1099999999999999
524,5,1.73,50.64,2.0,-0.27
524,6,2.34,40.83,0.0,2.34
524,8,2.36,47.07,6.0,-3.64
524,9,2.09,46.36,1.0,1.0899999999999999
526,10,2.84,75.55,1.0,1.8399999999999999
526,1,2.71,79.33,0.0,2.71
526,2,2.9,83.67,14.0,-11.1
526,3,3.29,82.79,0.0,3.29
526,4,3.85,80.64,2.0,1.85
526,5,3.11,81.71,2.0,1.1099999999999999
526,6,3.53,80.64,1.0,2.53
526,8,2.89,70.63,1.0,1.8900000000000001
526,9,3.51,60.83,7.0,-3.49
527,10,2.9,46.36,0.0,2.9
527,1,3.1,69.55,2.0,1.1
527,2,3.72,69.55,6.0,-2.28
527,3,3.62,69.55,3.0,0.6200000000000001
527,4,2.69,53.5,2.0,0.69
527,5,2.12,53.5,0.0,2.12
527,6,3.58,53.5,2.0,1.58
527,8,3.38,49.98,1.0,2.38
527,9,2.89,55.31,1.0,1.8900000000000001
528,10,1.62,25.79,1.0,0.6200000000000001
528,1,1.44,0.05,0.0,1.44
528,2,1.74,0.05,4.0,-2.26
528,3,1.56,0.05,1.0,0.56
528,4,1.56,0.05,1.0,0.56
528,5,1.47,0.05,0.0,1.47
528,6,1.91,22.11,1.0,0.9099999999999999
528,8,1.92,25.79,1.0,0.9199999999999999
528,9,2.15,25.79,1.0,1.15
529,10,3.47,52.17,9.0,-5.529999999999999
529,1,1.77,3.16,1.0,0.77
529,2,3.18,44.93,1.0,2.18
529,3,2.23,28.55,1.0,1.23
529,4,2.3,33.68,2.0,0.2999999999999998
529,5,2.53,41.21,0.0,2.53
529,6,2.26,41.6,0.0,2.26
529,8,2.37,36.83,0.0,2.37
529,9,2.9,48.07,8.0,-5.1
532,10,2.02,59.12,0.0,2.02
532,1,1.75,37.79,0.0,1.75
532,2,2.49,44.64,1.0,1.4900000000000002
532,3,3.09,63.5,3.0,0.08999999999999986
532,4,1.68,49.79,1.0,0.6799999999999999
532,5,2.39,49.79,0.0,2.39
532,6,1.56,49.79,1.0,0.56
532,8,2.15,44.64,0.0,2.15
532,9,2.61,59.12,0.0,2.61
533,10,3.32,82.79,2.0,1.3199999999999998
533,1,3.63,63.5,0.0,3.63
533,2,3.12,63.5,-1.0,4.12
533,3,2.25,73.5,2.0,0.25
533,4,3.36,84.55,6.0,-2.64
533,5,2.96,83.02,5.0,-2.04
533,6,3.03,82.14,2.0,1.0299999999999998
533,9,1.57,82.79,-1.0,2.5700000000000003
534,10,2.37,47.21,1.0,1.37
534,1,2.17,38.21,2.0,0.16999999999999993
534,2,2.66,65.21,2.0,0.6600000000000001
534,3,3.3,65.21,1.0,2.3
534,4,2.81,65.21,2.0,0.81
534,5,3.02,68.68,2.0,1.02
534,6,2.41,66.07,1.0,1.4100000000000001
534,8,2.53,51.14,0.0,2.53
534,9,2.39,47.21,10.0,-7.609999999999999
535,10,3.32,78.65,2.0,1.3199999999999998
535,2,2.22,66.83,2.0,0.2200000000000002
535,3,2.73,66.0,2.0,0.73
535,4,2.42,76.5,2.0,0.41999999999999993
535,5,3.32,78.65,3.0,0.31999999999999984
535,6,3.19,76.5,2.0,1.19
535,8,2.79,78.65,1.0,1.79
535,9,3.36,78.65,3.0,0.3599999999999999
536,10,1.88,20.0,0.0,1.88
536,1,2.12,50.64,1.0,1.12
536,2,2.45,55.31,3.0,-0.5499999999999998
536,3,2.57,66.07,1.0,1.5699999999999998
536,4,2.21,56.83,0.0,2.21
536,5,1.74,38.21,0.0,1.74
536,6,2.21,14.21,0.0,2.21
536,8,1.75,3.16,0.0,1.75
536,9,1.7,11.05,1.0,0.7
545,10,2.76,22.74,1.0,1.7599999999999998
545,1,1.84,0.66,0.0,1.84
545,2,1.68,0.66,0.0,1.68
545,3,1.77,0.66,0.0,1.77
545,4,1.57,0.66,1.0,0.5700000000000001
545,5,2.0,26.53,0.0,2.0
545,6,1.74,26.53,1.0,0.74
545,8,3.19,58.74,1.0,2.19
545,9,3.37,40.17,1.0,2.37
554,10,1.56,5.26,0.0,1.56
554,1,2.05,0.79,0.0,2.05
554,2,1.6,0.79,0.0,1.6
554,3,1.62,0.05,0.0,1.62
554,6,1.61,0.26,0.0,1.61
554,8,1.58,0.05,0.0,1.58
554,9,1.51,7.66,0.0,1.51
574,10,3.4,79.6,3.0,0.3999999999999999
574,2,1.52,61.99,0.0,1.52
574,3,2.99,81.42,0.0,2.99
574,4,1.67,18.45,0.0,1.67
574,5,3.56,27.47,6.0,-2.44
574,6,3.65,65.5,0.0,3.65
574,8,3.0,79.6,4.0,-1.0
574,9,3.54,79.6,8.0,-4.46
575,2,2.5,29.84,1.0,1.5
575,3,2.64,40.07,1.0,1.6400000000000001
575,4,2.74,51.5,0.0,2.74
575,5,2.69,51.5,0.0,2.69
575,6,2.29,48.5,1.0,1.29
575,8,1.68,10.53,1.0,0.6799999999999999
575,9,1.75,10.53,1.0,0.75
576,10,3.01,80.64,2.0,1.0099999999999998
576,2,1.21,39.5,1.0,0.20999999999999996
576,3,2.65,80.64,0.0,2.65
576,4,1.33,60.64,-2.0,3.33
576,5,3.29,71.5,0.0,3.29
576,6,2.9,76.83,0.0,2.9
576,8,2.18,36.83,2.0,0.18000000000000016
576,9,3.12,79.98,9.0,-5.88
577,10,2.46,60.07,1.0,1.46
577,2,1.61,6.32,4.0,-2.3899999999999997
577,3,2.55,36.93,0.0,2.55
577,4,2.34,53.5,3.0,-0.6600000000000001
577,5,2.39,50.45,2.0,0.3900000000000001
577,6,1.99,46.17,2.0,-0.010000000000000009
577,8,2.51,58.36,3.0,-0.4900000000000002
577,9,2.49,60.07,5.0,-2.51
579,10,2.66,73.4,1.0,1.6600000000000001
579,2,2.06,11.05,1.0,1.06
579,3,1.93,26.53,2.0,-0.07000000000000006
579,4,2.99,61.83,7.0,-4.01
579,5,3.3,61.83,3.0,0.2999999999999998
579,6,3.52,61.83,0.0,3.52
579,8,2.53,69.04,2.0,0.5299999999999998
579,9,3.07,71.66,1.0,2.07
580,10,2.13,50.43,1.0,1.13
580,2,1.48,12.63,0.0,1.48
580,3,1.63,17.76,0.0,1.63
580,4,2.15,33.68,1.0,1.15
580,5,2.24,48.83,1.0,1.2400000000000002
580,6,2.7,48.83,0.0,2.7
580,8,2.06,43.75,1.0,1.06
580,9,2.31,44.64,3.0,-0.69
582,10,2.38,46.17,2.0,0.3799999999999999
582,3,1.62,11.05,0.0,1.62
582,4,1.87,34.11,1.0,0.8700000000000001
582,5,1.76,46.17,2.0,-0.24
582,6,2.71,56.83,0.0,2.71
582,8,2.61,46.83,2.0,0.6099999999999999
582,9,2.23,49.21,1.0,1.23
585,10,1.78,22.37,8.0,-6.22
585,3,2.09,5.53,0.0,2.09
585,4,2.2,23.68,1.0,1.2000000000000002
585,5,1.81,35.53,0.0,1.81
585,6,2.81,35.53,1.0,1.81
585,8,1.95,22.37,1.0,0.95
585,9,1.58,15.79,1.0,0.5800000000000001
586,10,2.79,67.79,2.0,0.79
586,3,2.22,29.84,1.0,1.2200000000000002
586,4,2.77,39.5,6.0,-3.23
586,5,3.33,73.02,4.0,-0.6699999999999999
586,6,3.49,70.36,1.0,2.49
586,9,1.89,68.68,0.0,1.89
587,10,4.32,61.36,1.0,3.3200000000000003
587,3,2.68,19.89,0.0,2.68
587,4,3.36,22.11,1.0,2.36
587,5,4.1,34.11,1.0,3.0999999999999996
587,6,3.38,26.53,0.0,3.38
587,8,3.5,27.63,1.0,2.5
587,9,3.3,22.11,3.0,0.2999999999999998
589,10,2.48,83.67,2.0,0.48
589,3,1.72,18.95,2.0,-0.28
589,4,2.62,70.36,2.0,0.6200000000000001
589,5,2.81,70.36,3.0,-0.18999999999999995
589,6,3.07,75.15,9.0,-5.93
589,8,2.44,80.4,1.0,1.44
589,9,2.75,80.4,2.0,0.75
593,10,2.22,49.79,5.0,-2.78
593,4,2.57,46.17,1.0,1.5699999999999998
593,5,2.68,64.21,1.0,1.6800000000000002
593,6,2.82,76.9,1.0,1.8199999999999998
593,9,2.1,67.79,1.0,1.1
594,4,2.36,10.53,0.0,2.36
594,5,2.33,42.07,7.0,-4.67
594,6,3.6,55.36,2.0,1.6
594,8,5.36,77.77,9.0,-3.6399999999999997
594,9,2.61,2.11,0.0,2.61
603,10,4.46,69.91,8.0,-3.54
603,6,2.45,35.37,2.0,0.4500000000000002
603,8,3.57,63.5,2.0,1.5699999999999998
603,9,4.02,68.68,3.0,1.0199999999999996
609,10,2.8,58.36,8.0,-5.2
609,6,1.76,9.47,6.0,-4.24
609,9,2.23,64.33,7.0,-4.77
610,10,3.91,20.53,7.0,-3.09
610,6,3.18,7.37,0.0,3.18
610,8,3.67,26.68,6.0,-2.33
610,9,3.69,71.07,1.0,2.69
612,10,3.36,77.98,1.0,2.36
612,6,1.34,0.05,0.0,1.34
612,8,1.78,17.74,-1.0,2.7800000000000002
612,9,3.59,54.93,6.0,-2.41
614,10,2.08,4.21,0.0,2.08
614,6,2.2,45.93,1.0,1.2000000000000002
614,8,3.14,60.07,6.0,-2.86
614,9,3.14,66.94,0.0,3.14
617,10,3.94,63.5,0.0,3.94
617,6,2.26,6.32,0.0,2.26
617,9,3.16,55.13,9.0,-5.84
618,10,2.84,55.64,1.0,1.8399999999999999
618,6,1.5,3.16,1.0,0.5
618,8,2.23,22.11,1.0,1.23
618,9,2.01,21.05,1.0,1.0099999999999998
620,6,1.61,9.47,0.0,1.61
620,9,1.52,5.26,0.0,1.52
622,6,1.68,9.47,0.0,1.68
622,8,1.54,11.84,1.0,0.54
622,9,1.91,11.84,0.0,1.91
623,10,1.09,73.12,0.0,1.09
623,8,2.18,25.79,0.0,2.18
623,9,3.0,35.53,1.0,2.0
