,ID,Name,BV,SV,Team,1_Pts,1_xMins,2_Pts,2_xMins,3_Pts,3_xMins,4_Pts,4_xMins,5_Pts,5_xMins,6_Pts,6_xMins,7_Pts,7_xMins,8_Pts,8_xMins,9_Pts,9_xMins
0,1,Cédric,4.2,4.2,Arsenal,,90.0,,90.0,,90.0,,90.0,,90.0,,90.0,,90.0,,90.0,,90.0
1,2,Leno,4.5,4.5,Fulham,1.83,90.0,0.86,90.0,0.52,90.0,2.09,90.0,3.42,90.0,3.05,90.0,3.19,90.0,3.54,90.0,3.43,90.0
2,3,Xhaka,5.1,5.1,Arsenal,2.41,84.28,2.79,84.8,3.06,86.0,3.49,86.5,3.27,87.0,2.71,87.5,3.39,88.1,2.9,88.1,3.09,88.6
3,4,Elneny,4.3,4.3,Arsenal,0.44,14.7,0.42,12.0,0.34,10.0,0.3,8.0,1.01,22.29,0.0,0.0,0.0,0.0,,0.0,0.0,0.0
4,5,Holding,4.2,4.2,Arsenal,,90.0,,90.0,,90.0,,90.0,,90.0,,90.0,,90.0,,90.0,,90.0
5,6,Partey,4.8,4.8,Arsenal,2.6,79.38,3.04,80.3,2.98,81.1,3.26,82.0,0.37,53.27,0.0,8.63,0.0,16.33,0.0,32.82,2.29,76.06
6,7,Ødegaard,6.5,6.5,Arsenal,3.42,76.64,3.96,77.6,3.83,78.4,4.55,78.0,4.41,79.5,2.82,75.08,4.24,77.0,3.64,77.0,3.29,74.02
7,8,Tierney,4.8,4.8,Arsenal,0.39,90.0,1.21,90.0,1.73,90.0,1.45,90.0,3.09,90.0,2.4,90.0,3.69,90.0,,90.0,1.66,90.0
8,9,Pépé,5.3,5.3,Arsenal,0.74,12.74,0.74,11.0,0.59,9.0,0.51,7.0,0.0,0.0,0.0,0.0,,0.0,,0.0,,0.0
9,10,White,4.5,4.5,Arsenal,3.47,90.0,3.59,90.0,3.48,90.0,3.55,90.0,3.05,90.0,2.34,90.0,3.0,90.0,2.9,90.0,2.72,90.0
10,11,Nketiah,6.6,6.6,Arsenal,1.73,30.38,1.71,26.0,1.34,21.0,1.61,21.0,1.78,24.0,1.25,20.0,1.52,20.0,1.3,20.0,1.22,18.0
11,12,Smith Rowe,5.6,5.6,Arsenal,0.0,18.59,0.71,25.25,1.26,27.39,1.7,27.0,2.34,27.28,1.74,23.68,,0.0,,0.0,0.0,0.0
12,13,Saka,7.8,7.8,Arsenal,4.22,77.9,4.93,78.7,4.8,79.5,5.23,80.2,4.89,81.0,4.11,81.5,5.18,82.1,4.44,82.1,4.71,82.0
13,14,Tomiyasu,4.2,4.2,Arsenal,0.82,90.0,0.6,90.0,1.82,90.0,1.33,90.0,2.35,90.0,1.4,90.0,2.58,90.0,,90.0,,90.0
14,15,Ramsdale,4.9,4.9,Arsenal,4.03,90.0,4.01,90.0,4.23,90.0,4.16,90.0,4.09,90.0,3.42,90.0,4.1,90.0,3.75,90.0,3.57,90.0
15,16,Gabriel,5.1,5.1,Arsenal,3.89,90.0,4.04,90.0,4.25,90.0,4.5,90.0,4.07,90.0,2.76,90.0,4.34,90.0,3.48,90.0,3.33,90.0
16,17,Tavares,4.5,4.5,Arsenal,,90.0,,90.0,,90.0,,90.0,,90.0,,90.0,,90.0,,90.0,,90.0
17,18,Sambi,4.4,4.4,Arsenal,0.24,7.84,0.25,7.0,0.21,6.0,0.26,7.0,1.75,16.86,1.88,52.48,2.33,52.13,1.85,41.45,0.66,21.0
18,19,Martinelli,6.6,6.3,Arsenal,4.08,64.38,4.7,63.78,4.79,66.58,5.18,65.3,5.01,69.69,4.4,72.48,5.23,73.5,4.46,73.0,4.58,73.5
19,20,Pablo Marí,4.5,4.5,Arsenal,,90.0,,90.0,,90.0,,90.0,,90.0,,90.0,,90.0,,90.0,,90.0
20,21,Maitland-Niles,4.8,4.8,Southampton,,0.0,,0.0,,0.0,,0.0,,0.0,,0.0,,0.0,,0.0,,0.0
21,22,Torreira,4.5,4.5,Arsenal,,0.0,,0.0,,0.0,,0.0,,0.0,,0.0,,0.0,,0.0,,0.0
22,23,Nelson,4.8,4.8,Arsenal,,0.0,,0.0,,0.0,,0.0,,0.0,,0.0,,0.0,,0.0,,0.0
23,24,Turner,3.9,3.9,Arsenal,,90.0,,90.0,,90.0,,90.0,,90.0,,90.0,,90.0,,90.0,,90.0
24,25,Fábio Vieira,5.7,5.7,Arsenal,0.47,22.06,1.01,23.48,1.05,21.39,1.37,19.0,1.07,16.0,0.71,13.0,1.08,16.0,,0.0,2.37,29.59
25,26,Saliba,5.0,5.0,Arsenal,3.08,90.0,3.63,90.0,3.66,90.0,4.24,90.0,4.04,90.0,2.6,90.0,4.04,90.0,3.25,90.0,3.17,90.0
26,27,Marquinhos,4.7,4.7,Arsenal,,0.0,,0.0,,0.0,,0.0,,0.0,,0.0,,0.0,,0.0,,0.0
27,28,Jesus,8.0,8.0,Arsenal,4.5,77.42,5.2,78.2,5.67,80.2,6.29,82.34,5.56,82.0,4.75,83.0,5.65,83.0,4.79,82.0,5.07,82.1
28,29,Coutinho,6.7,6.7,Aston Villa,3.68,62.72,3.73,64.0,2.01,52.02,2.71,49.0,2.28,54.0,1.88,49.0,2.27,47.0,2.7,47.0,2.87,57.0
29,30,Ings,6.7,6.7,Aston Villa,2.28,47.76,3.33,53.0,3.47,61.15,3.16,53.0,2.57,57.0,2.13,52.0,2.5,48.0,2.97,48.0,1.68,38.63
30,31,Martínez,4.9,4.9,Aston Villa,3.81,90.0,4.05,90.0,3.6,90.0,3.68,90.0,3.18,90.0,3.18,90.0,3.51,90.0,3.32,90.0,3.38,90.0
31,32,Chambers,4.3,4.3,Aston Villa,,90.0,,90.0,1.85,90.0,,90.0,,90.0,,90.0,,90.0,,90.0,,90.0
32,33,Digne,4.7,4.7,Aston Villa,3.9,90.0,4.31,90.0,3.19,90.0,3.61,90.0,1.96,90.0,1.61,90.0,3.13,90.0,3.88,90.0,,90.0
33,34,Traoré,4.9,4.9,Aston Villa,,0.0,,0.0,,0.0,,0.0,,0.0,,0.0,,0.0,,0.0,,0.0
34,35,Olsen,4.0,4.0,Aston Villa,,90.0,,90.0,,90.0,,90.0,,90.0,,90.0,,90.0,,90.0,,90.0
35,36,Sanson,4.4,4.4,Aston Villa,,0.0,,0.0,,0.0,,0.0,,0.0,,0.0,,0.0,,0.0,,0.0
36,37,McGinn,5.2,5.2,Aston Villa,3.35,86.24,3.45,86.5,2.96,87.3,3.2,83.5,2.45,83.5,2.13,81.5,2.57,77.5,3.06,77.5,2.73,78.8
37,38,Hause,4.4,4.4,Aston Villa,,90.0,,90.0,,90.0,,90.0,,90.0,,90.0,,90.0,,90.0,,90.0
38,39,Mings,4.3,4.3,Aston Villa,1.48,90.0,1.08,90.0,2.71,90.0,2.99,90.0,1.14,90.0,1.39,90.0,2.52,90.0,3.13,90.0,2.65,90.0
39,40,Watkins,7.2,7.2,Aston Villa,4.01,78.4,4.01,76.5,3.58,78.0,4.23,79.3,3.25,80.0,2.93,80.8,3.75,82.0,3.53,78.02,3.84,81.0
40,41,Nakamba,4.4,4.4,Aston Villa,,0.0,,0.0,,0.0,,0.0,,0.0,,0.0,,0.0,,0.0,,0.0
41,42,Buendía,5.8,5.8,Aston Villa,1.12,34.8,2.35,41.0,2.87,48.29,2.95,51.0,2.04,46.0,2.04,51.0,2.31,45.0,2.74,45.0,2.16,40.0
42,43,Cash,4.6,4.6,Aston Villa,3.58,90.0,3.93,90.0,2.42,90.0,3.22,90.0,1.76,90.0,1.47,90.0,2.76,90.0,0.0,90.0,0.44,90.0
43,44,Konsa,4.4,4.4,Aston Villa,,90.0,3.28,90.0,,90.0,2.82,90.0,1.54,90.0,1.25,90.0,2.28,90.0,3.11,90.0,2.57,90.0
44,45,Bailey,4.7,4.7,Aston Villa,3.88,61.6,4.04,66.41,2.36,52.0,3.02,56.0,1.96,47.0,1.98,54.0,3.19,62.72,4.24,66.45,3.05,62.0
45,46,Douglas Luiz,4.8,4.8,Aston Villa,1.84,53.9,1.51,43.0,1.02,34.0,1.1,32.0,1.11,42.0,0.97,39.0,1.49,47.0,1.77,47.0,1.73,52.0
46,47,Ramsey,5.2,5.2,Aston Villa,3.16,69.58,3.08,64.5,2.64,68.5,2.99,70.0,2.14,65.0,1.98,69.0,2.7,73.2,3.2,73.2,2.97,71.5
47,48,Chukwuemeka,4.3,4.3,Chelsea,,0.0,,0.0,,0.0,,0.0,,0.0,,0.0,,0.0,,0.0,,0.0
48,49,Iroegbunam,4.5,4.5,Aston Villa,,0.0,,0.0,,0.0,,0.0,,0.0,,0.0,,0.0,,0.0,,0.0
49,50,Diego Carlos,4.8,4.8,Aston Villa,3.39,90.0,3.74,90.0,0.0,90.0,0.0,90.0,0.0,90.0,0.0,90.0,,90.0,,90.0,,90.0
50,51,El Ghazi,4.8,4.8,Aston Villa,,0.0,,0.0,,0.0,,0.0,,0.0,,0.0,,0.0,,0.0,,0.0
51,52,Davis,5.4,5.4,Aston Villa,0.05,0.98,0.05,0.98,,0.0,,0.0,,0.0,,0.0,,0.0,,0.0,,0.0
52,53,Kamara,4.8,4.8,Aston Villa,2.02,76.44,2.07,76.0,1.8,78.0,2.12,79.5,1.62,80.2,1.48,80.5,1.92,82.0,2.29,82.0,0.0,0.0
53,54,Archer,4.3,4.3,Aston Villa,0.42,6.82,0.35,8.0,0.22,6.0,0.21,5.0,0.17,5.0,0.12,4.0,,0.0,,0.0,0.08,2.0
54,55,Philogene-Bidace,4.5,4.5,Aston Villa,,0.0,,0.0,,0.0,,0.0,,0.0,,0.0,,0.0,,0.0,,0.0
55,56,Guilbert,3.9,3.9,Aston Villa,,90.0,,90.0,,90.0,,90.0,,90.0,,90.0,,90.0,,90.0,,90.0
56,57,Smith,4.4,4.4,Bournemouth,2.6,90.0,,90.0,,90.0,,90.0,,90.0,,90.0,2.22,90.0,1.66,90.0,2.62,90.0
57,58,Stanislas,4.8,4.8,Bournemouth,,0.0,,0.0,,0.0,,0.0,,0.0,,0.0,,0.0,,0.0,,0.0
58,59,Fredericks,4.4,4.4,Bournemouth,0.18,90.0,0.0,90.0,0.02,90.0,0.08,90.0,0.17,90.0,0.5,90.0,,90.0,,90.0,,90.0
59,60,Brooks,5.3,5.3,Bournemouth,0.0,19.78,0.0,17.44,0.5,23.02,0.0,7.23,0.0,10.55,0.21,14.07,,0.0,,0.0,0.0,10.25
60,61,Lowe,5.2,5.2,Bournemouth,,0.0,,0.0,,0.0,,0.0,,0.0,,0.0,,0.0,,0.0,,0.0
61,62,Moore,5.5,5.5,Bournemouth,0.46,10.78,1.21,31.61,1.53,32.12,1.68,37.37,2.0,42.83,1.4,35.0,1.06,27.0,,0.0,0.87,21.0
62,63,Marcondes,4.8,4.8,Bournemouth,,0.0,,0.0,,0.0,,0.0,,0.0,,0.0,,0.0,,0.0,,0.0
63,64,Lerma,5.0,5.0,Bournemouth,2.24,80.36,1.35,82.0,2.17,83.0,1.59,84.0,2.45,84.5,2.44,85.2,2.42,86.0,2.13,86.0,2.54,87.0
64,65,Stacey,4.3,4.3,Bournemouth,,90.0,,90.0,,90.0,,90.0,,90.0,,90.0,,90.0,,90.0,,90.0
65,66,Solanke,5.7,5.7,Bournemouth,4.43,82.13,2.47,82.8,2.75,74.72,1.36,69.03,3.45,74.99,3.9,79.02,4.12,80.6,3.64,81.0,4.31,81.6
66,67,Cook,4.9,4.9,Bournemouth,1.75,56.84,0.6,47.33,1.47,52.5,0.98,49.0,1.69,55.0,1.8,60.0,1.93,63.5,1.7,63.5,2.11,66.6
67,68,Pearson,4.5,4.5,Bournemouth,,0.0,,0.0,,0.0,,0.0,,0.0,,0.0,,0.0,,0.0,,0.0
68,69,Christie,5.3,5.3,Bournemouth,2.92,75.82,0.87,63.89,2.41,69.0,1.55,62.0,2.24,58.0,2.38,63.0,2.37,64.0,2.08,64.0,2.58,68.0
69,70,Billing,5.3,5.3,Bournemouth,3.31,76.44,1.85,78.5,2.84,74.5,1.96,72.0,2.07,64.64,2.94,72.5,2.99,74.5,2.63,74.5,3.28,74.2
70,71,Mepham,4.4,4.4,Bournemouth,2.52,90.0,1.04,90.0,1.63,90.0,1.1,90.0,2.58,90.0,2.39,90.0,2.25,90.0,1.71,90.0,2.71,90.0
71,72,Travers,4.4,4.4,Bournemouth,3.46,90.0,2.69,90.0,2.56,90.0,3.1,90.0,3.43,90.0,1.89,90.0,,90.0,,90.0,,90.0
72,73,Kelly,4.4,4.4,Bournemouth,2.63,90.0,1.1,90.0,1.88,90.0,1.2,90.0,1.24,90.0,2.52,90.0,2.31,90.0,1.8,90.0,0.81,90.0
73,74,Dembélé,4.8,4.8,Bournemouth,,0.0,,0.0,,0.0,,0.0,,0.0,,0.0,,0.0,,0.0,,0.0
74,75,Anthony,5.3,5.3,Bournemouth,3.03,72.66,1.13,63.5,1.82,59.64,1.93,62.38,2.81,65.0,2.47,58.0,2.28,50.0,2.01,50.0,2.07,43.0
75,76,Zemura,4.4,4.4,Bournemouth,2.64,90.0,1.03,90.0,1.15,90.0,1.09,90.0,2.61,90.0,2.32,90.0,2.17,90.0,,90.0,2.56,90.0
76,77,Dennis,4.0,4.0,Bournemouth,,90.0,,90.0,,90.0,,90.0,,90.0,,90.0,,90.0,,90.0,,90.0
77,78,Jansson,4.4,4.4,Brentford,2.47,90.0,2.47,90.0,2.76,90.0,3.64,90.0,1.57,90.0,2.16,90.0,2.6,90.0,2.16,90.0,3.2,90.0
78,79,Nørgaard,5.4,5.4,Brentford,2.16,78.74,2.67,80.0,2.62,79.5,3.02,81.0,2.52,79.0,0.0,26.34,0.0,39.63,0.0,64.27,0.0,54.58
79,80,Toney,7.3,7.3,Brentford,4.16,86.24,4.78,87.0,4.82,88.0,5.31,89.0,4.5,89.5,5.48,90.0,5.16,90.5,4.98,90.5,5.32,89.5
80,81,Raya,4.5,4.5,Brentford,3.36,90.0,3.38,90.0,3.49,90.0,3.85,90.0,3.51,90.0,3.67,90.0,3.47,90.0,3.27,90.0,3.78,90.0
81,82,Canós,5.0,5.0,Brentford,,90.0,,90.0,,90.0,,90.0,,90.0,,90.0,,90.0,,90.0,,90.0
82,83,Dasilva,4.5,4.5,Brentford,1.16,29.4,1.6,37.0,2.58,50.83,,0.0,2.43,58.38,2.49,52.0,2.0,48.0,1.93,48.0,2.23,51.0
83,84,Ajer,4.5,4.5,Brentford,,90.0,,90.0,,90.0,,90.0,,90.0,,90.0,,90.0,,90.0,,90.0
84,85,Henry,4.5,4.5,Brentford,2.31,90.0,2.37,90.0,2.77,90.0,3.47,90.0,2.64,90.0,3.08,90.0,2.6,90.0,2.17,90.0,3.45,90.0
85,86,Janelt,5.5,5.5,Brentford,2.31,66.64,2.62,69.6,1.49,58.88,2.32,59.5,1.9,54.0,2.67,60.5,2.42,63.0,2.34,63.0,2.56,63.0
86,87,Ghoddos,4.8,4.8,Brentford,,0.0,,0.0,,0.0,,0.0,,0.0,,0.0,,0.0,,0.0,,0.0
87,88,Jensen,5.1,5.1,Brentford,1.64,45.08,1.94,49.0,2.75,59.06,2.53,57.5,2.49,63.53,2.9,64.2,2.66,67.8,2.57,67.8,2.82,68.0
88,89,Wissa,5.4,5.4,Brentford,3.25,56.7,3.18,57.69,2.04,48.25,3.27,57.0,2.89,60.0,3.56,56.2,3.1,52.0,3.0,52.0,3.06,48.0
89,90,Roerslev,4.3,4.3,Brentford,,90.0,,90.0,,90.0,,90.0,,90.0,,90.0,,90.0,,90.0,,90.0
90,91,Bech,4.5,4.5,Brentford,,90.0,,90.0,,90.0,,90.0,,90.0,,90.0,,90.0,,90.0,,90.0
91,92,Pinnock,4.4,4.4,Brentford,,90.0,,90.0,,90.0,,90.0,,90.0,,90.0,,90.0,,90.0,,90.0
92,93,Onyeka,4.8,4.8,Brentford,,0.0,,0.0,,0.0,,0.0,,0.0,,0.0,,0.0,,0.0,,0.0
93,94,Baptiste,4.5,4.5,Brentford,,0.0,,0.0,,0.0,,0.0,,0.0,,0.0,,0.0,,0.0,,0.0
94,95,Mbeumo,5.9,5.9,Brentford,3.11,79.38,3.44,80.8,3.44,80.0,3.72,80.5,3.15,80.0,3.71,77.0,3.42,78.2,3.3,78.2,3.54,76.5
95,96,Goode,3.9,3.9,Brentford,,90.0,,90.0,,90.0,,90.0,,90.0,,90.0,,90.0,,90.0,,90.0
96,97,Forss,4.5,4.5,Brentford,,0.0,,0.0,,0.0,,0.0,,0.0,,0.0,,0.0,,0.0,,0.0
97,98,Thompson,4.0,4.0,Brentford,,90.0,,90.0,,90.0,,90.0,,90.0,,90.0,,90.0,,90.0,,90.0
98,99,Bidstrup,4.5,4.5,Brentford,,0.0,,0.0,,0.0,,0.0,,0.0,,0.0,,0.0,,0.0,,0.0
99,100,Balcombe,4.0,4.0,Brentford,,90.0,,90.0,,90.0,,90.0,,90.0,,90.0,,90.0,,90.0,,90.0
100,101,Lallana,4.9,4.9,Brighton,0.42,13.72,0.5,13.72,1.18,27.29,2.04,41.83,0.0,7.5,0.0,10.74,0.0,14.56,,0.0,0.52,27.84
101,102,Steele,4.0,4.0,Brighton,,90.0,,90.0,,90.0,,90.0,,90.0,,90.0,,90.0,,90.0,,90.0
102,103,Welbeck,6.5,6.5,Brighton,3.31,62.8,4.57,68.99,3.98,71.92,4.78,77.0,4.25,79.0,4.44,75.5,4.35,76.9,0.0,76.9,2.84,76.9
103,104,Groß,5.9,5.9,Brighton,2.91,63.93,3.44,62.72,3.37,66.53,4.31,68.92,4.0,72.46,4.34,73.89,4.29,76.2,0.0,76.2,2.8,76.2
104,105,Duffy,4.4,4.4,Fulham,,90.0,,90.0,,90.0,0.41,90.0,0.39,90.0,0.21,90.0,,90.0,,90.0,,90.0
105,106,Dunk,4.6,4.6,Brighton,2.16,90.0,3.44,90.0,2.79,90.0,3.69,90.0,3.32,90.0,3.78,90.0,4.01,90.0,0.0,90.0,1.67,90.0
106,107,March,5.0,5.0,Brighton,2.49,65.9,2.72,64.68,2.56,67.7,3.45,70.5,3.14,70.0,3.38,71.3,3.54,72.5,0.0,72.5,2.31,72.5
107,108,Webster,4.5,4.5,Brighton,1.95,90.0,3.26,90.0,2.64,90.0,3.49,90.0,3.2,90.0,3.65,90.0,3.9,90.0,0.0,90.0,1.6,90.0
108,109,Veltman,4.6,4.6,Brighton,1.89,90.0,3.08,90.0,2.58,90.0,3.41,90.0,2.07,90.0,3.2,90.0,3.49,90.0,0.0,90.0,1.5,90.0
109,110,Maupay,6.1,6.1,Everton,,0.0,,0.0,,0.0,0.0,24.52,1.18,31.7,1.72,41.17,3.12,57.55,3.08,42.49,3.25,53.61
110,111,Trossard,6.7,6.7,Brighton,3.52,77.13,4.13,77.13,3.55,76.1,4.53,77.5,4.13,79.0,4.42,79.7,4.55,80.8,0.0,80.8,2.9,79.0
111,112,Cucurella,5.1,5.1,Chelsea,,90.0,1.56,90.0,3.88,90.0,4.36,90.0,3.83,90.0,4.17,90.0,3.27,90.0,0.0,90.0,1.46,90.0
112,113,Sánchez,4.7,4.7,Brighton,3.23,90.0,3.78,90.0,3.48,90.0,3.83,90.0,3.76,90.0,3.91,90.0,4.06,90.0,0.0,90.0,3.13,90.0
113,114,Lamptey,4.3,4.3,Brighton,,90.0,1.69,90.0,1.32,90.0,1.13,90.0,1.67,90.0,,90.0,,90.0,,90.0,,90.0
114,115,Alzate,4.4,4.4,Brighton,0.17,5.88,0.2,5.88,0.15,5.0,0.15,4.0,0.1,3.0,0.07,2.0,,0.0,,0.0,0.02,1.0
115,116,Mac Allister,5.7,5.7,Brighton,2.58,62.39,3.32,63.7,3.08,68.15,4.29,72.38,3.46,73.0,3.95,74.5,4.03,76.5,0.0,76.5,2.63,76.5
116,117,Moder,4.4,4.4,Brighton,0.0,0.0,0.0,0.0,0.0,0.0,0.0,0.0,0.0,0.0,0.0,0.0,,0.0,,0.0,0.0,0.0
117,118,Mwepu,5.3,5.3,Brighton,2.4,59.7,2.45,57.82,1.96,52.5,1.66,43.48,1.77,42.0,2.08,47.0,2.41,55.0,0.0,55.0,0.0,37.84
118,119,Sarmiento,4.5,4.5,Brighton,,0.0,,0.0,,0.0,,0.0,,0.0,,0.0,,0.0,,0.0,,0.0
119,120,Caicedo,5.0,5.0,Brighton,2.07,63.63,2.09,61.74,2.22,68.37,2.95,71.92,2.71,75.07,2.83,75.68,3.17,78.0,0.0,78.0,2.08,78.0
120,121,Richards,4.5,4.5,Brighton,,0.0,,0.0,,0.0,,0.0,,0.0,,0.0,,0.0,,0.0,,0.0
121,122,Roberts,4.0,4.0,Brighton,,90.0,,90.0,,90.0,,90.0,,90.0,,90.0,,90.0,,90.0,,90.0
122,123,Undav,5.1,5.1,Brighton,1.21,28.42,1.04,20.5,0.71,16.0,1.04,19.0,0.78,16.0,0.95,18.0,0.77,15.0,,0.0,0.5,15.0
123,124,Mitoma,4.9,4.9,Brighton,,0.0,,0.0,,0.0,,0.0,,0.0,,0.0,,0.0,,0.0,,0.0
124,125,Enciso,4.8,4.8,Brighton,,0.0,,0.0,,0.0,,0.0,,0.0,,0.0,,0.0,,0.0,,0.0
125,126,Kozłowski,4.5,4.5,Brighton,,0.0,,0.0,,0.0,,0.0,,0.0,,0.0,,0.0,,0.0,,0.0
126,127,Azpilicueta,4.8,4.8,Chelsea,2.45,90.0,,90.0,,90.0,3.38,90.0,,90.0,2.04,90.0,,90.0,,90.0,,90.0
127,128,Thiago Silva,5.4,5.4,Chelsea,3.92,90.0,3.03,90.0,3.71,90.0,4.08,90.0,3.5,90.0,3.2,90.0,3.05,90.0,0.0,90.0,3.3,90.0
128,129,Alonso,5.3,5.3,Chelsea,3.39,90.0,,90.0,,90.0,,90.0,,90.0,,90.0,,90.0,,90.0,,90.0
129,130,Jorginho,5.9,5.9,Chelsea,2.29,52.92,2.75,60.0,3.83,72.33,3.74,66.72,3.31,66.99,3.21,67.0,2.67,60.26,0.0,61.0,2.58,61.0
130,131,Barkley,4.9,4.9,Chelsea,,0.0,,0.0,,0.0,,0.0,,0.0,,0.0,,0.0,,0.0,,0.0
131,132,Kovacic,4.9,4.9,Chelsea,1.81,47.04,0.0,26.83,0.0,39.98,2.51,58.07,2.19,54.99,2.92,65.69,3.0,60.85,,0.0,1.79,49.0
132,133,Arrizabalaga,4.4,4.4,Chelsea,,90.0,,90.0,,90.0,,90.0,,90.0,,90.0,,90.0,,90.0,,90.0
133,134,Kanté,4.8,4.8,Chelsea,1.93,51.94,2.26,60.0,0.0,13.29,0.0,7.37,0.0,13.74,0.0,19.77,0.0,28.26,0.0,46.69,0.0,43.41
134,135,Ziyech,5.7,5.7,Chelsea,1.23,21.56,1.21,21.0,1.03,17.0,1.42,22.0,1.13,19.0,1.63,27.0,1.04,18.0,,0.0,0.96,18.0
135,136,Loftus-Cheek,5.0,5.0,Chelsea,0.82,20.58,0.97,24.0,2.32,41.01,2.3,41.98,2.41,50.29,0.95,39.36,2.45,46.68,,0.0,1.36,37.0
136,137,Werner,7.9,7.9,Chelsea,1.24,20.58,,0.0,,0.0,,0.0,,0.0,,0.0,,0.0,,0.0,,0.0
137,138,Kenedy,3.9,3.9,Chelsea,,90.0,,90.0,,90.0,,90.0,,90.0,,90.0,,90.0,,90.0,,90.0
138,139,Chilwell,5.8,5.8,Chelsea,1.6,90.0,3.15,90.0,2.11,90.0,3.37,90.0,1.77,90.0,1.46,90.0,1.56,90.0,0.0,90.0,2.47,90.0
139,140,Pulisic,5.7,5.7,Chelsea,1.96,33.32,2.09,35.0,1.87,30.0,2.01,31.0,1.73,29.0,1.77,29.0,1.38,24.0,,0.0,1.27,24.0
140,141,Chalobah,4.7,4.7,Chelsea,,90.0,,90.0,,90.0,,90.0,,90.0,1.65,90.0,,90.0,,90.0,,90.0
141,142,Mount,7.6,7.6,Chelsea,4.44,75.0,4.42,74.5,4.67,76.0,4.92,76.3,4.17,72.93,4.6,74.5,3.88,69.02,0.0,70.0,3.77,70.0
142,143,Sarr,5.0,5.0,Chelsea,,90.0,,90.0,,90.0,,90.0,,90.0,,90.0,,90.0,,90.0,,90.0
143,144,Hudson-Odoi,5.3,5.3,Chelsea,0.75,13.72,0.56,10.0,0.47,8.0,0.37,6.0,0.0,0.0,0.0,0.0,,0.0,,0.0,0.0,0.0
144,145,Havertz,7.7,7.7,Chelsea,3.6,60.76,3.8,65.0,4.49,70.75,4.4,70.5,3.91,72.0,3.48,61.33,2.86,53.0,0.0,53.0,2.62,53.0
145,146,James,6.0,6.0,Chelsea,4.78,90.0,4.02,90.0,4.9,90.0,5.23,90.0,1.96,90.0,4.34,90.0,4.5,90.0,0.0,90.0,4.95,90.0
146,147,Mendy,4.9,4.9,Chelsea,3.98,90.0,3.59,90.0,3.9,90.0,4.02,90.0,3.82,90.0,3.96,90.0,3.76,90.0,0.0,90.0,0.0,90.0
147,148,Gallagher,5.7,5.7,Chelsea,1.36,29.4,1.25,27.0,1.12,23.0,2.54,37.84,0.0,26.97,1.91,38.0,1.63,34.0,,0.0,1.49,34.0
148,149,Gilmour,4.4,4.4,Brighton,,0.0,,0.0,,0.0,,0.0,,0.0,,0.0,,0.0,,0.0,,0.0
149,150,Broja,5.3,5.3,Chelsea,0.27,5.88,0.74,16.0,0.0,9.39,0.36,10.08,0.43,9.0,1.86,20.66,,0.0,,0.0,0.76,16.0
150,151,Ampadu,4.4,4.4,Chelsea,,90.0,,90.0,,90.0,,90.0,,90.0,,90.0,,90.0,,90.0,,90.0
151,152,Guaita,4.5,4.5,Crystal Palace,3.13,90.0,2.9,90.0,3.47,90.0,3.07,90.0,3.74,90.0,3.34,90.0,3.26,90.0,0.0,90.0,3.3,90.0
152,153,Tomkins,3.9,3.9,Crystal Palace,,90.0,,90.0,,90.0,,90.0,,90.0,,90.0,,90.0,,90.0,,90.0
153,154,McArthur,4.8,4.8,Crystal Palace,0.0,30.73,0.0,30.73,0.0,26.39,0.36,33.39,0.53,25.79,0.0,16.89,,0.0,,0.0,0.49,16.0
154,155,Benteke,5.5,5.5,Crystal Palace,1.05,21.56,0.59,17.0,0.53,10.0,0.15,5.0,0.21,4.0,0.14,3.0,,0.0,,0.0,,0.0
155,156,Ward,4.5,4.5,Crystal Palace,,90.0,,90.0,,90.0,,90.0,,90.0,,90.0,1.9,90.0,,90.0,,90.0
156,157,Clyne,4.5,4.5,Crystal Palace,,90.0,1.12,90.0,2.99,90.0,1.16,90.0,2.99,90.0,1.81,90.0,,90.0,,90.0,,90.0
157,158,Milivojevic,4.4,4.4,Crystal Palace,0.54,16.66,0.44,19.0,0.56,16.0,0.29,14.0,0.39,11.0,0.43,14.0,0.41,12.0,,0.0,0.37,12.0
158,159,Ayew,5.4,5.4,Crystal Palace,2.56,58.31,2.15,64.99,2.92,62.5,1.72,64.5,3.06,67.5,2.43,62.2,2.81,65.2,0.0,65.2,2.56,65.2
159,160,Zaha,7.3,7.2,Crystal Palace,4.56,86.24,3.2,86.6,4.94,86.8,0.52,61.48,2.41,70.97,4.37,83.5,4.92,85.0,0.0,85.0,4.48,85.0
160,161,Schlupp,4.9,4.9,Crystal Palace,2.63,62.72,1.95,66.0,3.12,70.45,1.79,72.0,3.09,73.5,2.68,74.0,3.04,76.0,0.0,76.0,2.77,76.0
161,162,Butland,4.4,4.4,Crystal Palace,,90.0,,90.0,,90.0,,90.0,,90.0,,90.0,,90.0,,90.0,,90.0
162,163,Hughes,4.8,4.8,Crystal Palace,,0.0,,0.0,,0.0,,0.0,,0.0,,0.0,,0.0,,0.0,,0.0
163,164,Riedewald,4.4,4.4,Crystal Palace,,0.0,,0.0,,0.0,,0.0,,0.0,,0.0,,0.0,,0.0,,0.0
164,165,Andersen,4.5,4.5,Crystal Palace,2.48,90.0,1.36,90.0,3.39,90.0,1.26,90.0,3.52,90.0,2.59,90.0,2.58,90.0,0.0,90.0,2.56,90.0
165,166,Edouard,5.3,5.3,Crystal Palace,2.22,36.75,1.55,45.0,2.16,42.0,1.58,52.0,2.9,56.0,2.28,52.0,2.51,51.0,0.0,51.0,2.29,51.0
166,167,Guéhi,4.3,4.3,Crystal Palace,2.46,90.0,1.37,90.0,3.32,90.0,1.27,90.0,3.4,90.0,2.52,90.0,2.5,90.0,0.0,90.0,2.49,90.0
167,168,Mateta,5.3,5.3,Crystal Palace,2.04,50.19,1.7,48.0,2.17,40.0,1.23,37.0,1.83,33.0,1.72,37.0,2.19,43.0,0.0,43.0,2.0,43.0
168,169,Eze,5.5,5.5,Crystal Palace,2.73,64.68,2.26,69.22,3.53,72.03,2.01,74.0,3.53,75.5,3.04,75.5,3.3,74.0,0.0,74.0,3.01,74.0
169,170,Mitchell,4.5,4.5,Crystal Palace,2.41,90.0,1.37,90.0,3.14,90.0,1.26,90.0,1.56,90.0,1.81,90.0,2.27,90.0,0.0,90.0,2.32,90.0
170,171,Olise,5.4,5.4,Crystal Palace,0.68,38.7,0.48,38.7,1.48,47.27,1.13,49.25,2.37,48.0,2.48,58.0,2.7,57.0,0.0,57.0,2.46,57.0
171,172,Rak-Sakyi,4.5,4.5,Crystal Palace,,0.0,,0.0,,0.0,,0.0,,0.0,,0.0,,0.0,,0.0,,0.0
172,173,Ebiowei,4.3,4.3,Crystal Palace,,0.0,,0.0,,0.0,,0.0,,0.0,,0.0,,0.0,,0.0,,0.0
173,174,Ferguson,3.9,3.9,Crystal Palace,,90.0,,90.0,,90.0,,90.0,,90.0,,90.0,,90.0,,90.0,,90.0
174,175,Johnstone,4.4,4.4,Crystal Palace,,90.0,,90.0,,90.0,,90.0,,90.0,,90.0,,90.0,,90.0,,90.0
175,176,Begović,4.0,4.0,Everton,,90.0,,90.0,,90.0,,90.0,,90.0,,90.0,,90.0,,90.0,,90.0
176,177,Rondón,5.0,5.0,Everton,0.0,45.61,2.33,52.65,2.73,42.71,2.81,39.38,1.42,19.68,0.63,11.35,,0.0,,0.0,0.29,6.0
177,178,Coleman,4.5,4.5,Everton,0.1,90.0,,90.0,,90.0,,90.0,,90.0,,90.0,,90.0,,90.0,2.79,90.0
178,179,Townsend,5.5,5.5,Everton,0.0,0.0,0.0,0.0,0.0,0.0,0.0,0.0,0.0,0.0,0.0,0.0,,0.0,,0.0,,0.0
179,180,Keane,4.2,4.2,Everton,1.13,90.0,2.07,90.0,,90.0,,90.0,2.48,90.0,,90.0,,90.0,,90.0,,90.0
180,181,Dele,5.3,5.3,Everton,2.98,69.0,2.36,56.11,1.31,35.79,0.42,10.0,0.0,0.0,0.0,0.0,,0.0,,0.0,,0.0
181,182,Pickford,4.5,4.5,Everton,3.34,90.0,3.38,90.0,4.01,90.0,3.5,90.0,3.44,90.0,3.22,90.0,3.18,90.0,0.3,90.0,3.54,90.0
182,183,Allan,4.8,4.8,Everton,0.36,24.59,0.59,23.0,0.35,19.48,0.5,20.0,0.49,18.0,0.32,14.0,0.25,11.0,,0.0,,0.0
183,184,André Gomes,4.5,4.5,Everton,,0.0,,0.0,,0.0,,0.0,,0.0,,0.0,,0.0,,0.0,,0.0
184,185,A.Doucouré,5.3,5.3,Everton,2.51,78.4,2.68,79.5,0.0,30.52,0.0,43.38,0.73,58.54,0.0,45.91,1.05,60.95,2.3,71.28,1.62,62.12
185,186,Iwobi,5.5,5.5,Everton,2.65,67.11,2.86,66.18,3.58,68.06,2.86,71.61,3.12,73.38,2.43,74.0,2.44,75.3,3.13,75.3,3.04,76.5
186,187,Gbamin,4.5,4.5,Everton,,0.0,,0.0,,0.0,,0.0,,0.0,,0.0,,0.0,,0.0,,0.0
187,188,Mina,4.3,4.3,Everton,2.08,90.0,,90.0,,90.0,,90.0,,90.0,,90.0,,90.0,,90.0,,90.0
188,189,Gray,5.5,5.5,Everton,3.0,66.88,3.01,68.5,3.82,69.8,3.52,72.53,3.64,73.2,2.94,74.0,2.97,75.2,3.81,75.2,3.48,73.5
189,190,Davies,4.9,4.9,Everton,,0.0,,0.0,,0.0,,0.0,,0.0,,0.0,,0.0,,0.0,,0.0
190,191,Calvert-Lewin,7.9,7.9,Everton,0.0,3.87,0.0,9.12,0.0,16.84,0.0,26.48,0.0,38.55,0.0,35.43,0.45,41.22,2.14,65.91,1.63,55.86
191,192,Holgate,4.4,4.4,Everton,,90.0,,90.0,2.81,90.0,2.09,90.0,0.0,90.0,0.0,90.0,,90.0,,90.0,,90.0
192,193,Godfrey,4.3,4.3,Everton,1.81,90.0,,90.0,,90.0,,90.0,,90.0,,90.0,,90.0,,90.0,,90.0
193,194,Mykolenko,4.5,4.5,Everton,2.22,90.0,2.33,90.0,3.88,90.0,2.65,90.0,2.59,90.0,1.71,90.0,1.62,90.0,2.89,90.0,2.78,90.0
194,195,Gordon,5.6,5.6,Everton,2.93,75.52,2.88,75.5,3.65,76.7,2.98,76.5,3.48,78.0,3.06,79.5,3.09,80.5,3.97,80.5,3.47,72.21
195,196,Branthwaite,4.0,4.0,Everton,,90.0,,90.0,,90.0,,90.0,,90.0,,90.0,,90.0,,90.0,,90.0
196,197,Patterson,4.1,4.1,Everton,2.21,90.0,1.99,90.0,3.42,90.0,1.88,90.0,2.12,90.0,1.47,90.0,1.33,90.0,2.63,90.0,,90.0
197,198,Nkounkou,4.0,4.0,Everton,,90.0,,90.0,,90.0,,90.0,,90.0,,90.0,,90.0,,90.0,,90.0
198,199,Tarkowski,4.4,4.4,Everton,2.23,90.0,2.38,90.0,3.82,90.0,2.56,90.0,2.55,90.0,1.62,90.0,1.53,90.0,2.91,90.0,2.84,90.0
199,200,Cairney,4.8,4.8,Fulham,1.29,39.2,1.29,35.0,1.25,30.0,0.61,24.39,1.15,28.0,0.82,25.0,1.0,27.0,1.15,27.0,0.98,23.0
200,201,Ream,4.5,4.5,Fulham,1.41,90.0,2.14,90.0,2.61,90.0,,90.0,,90.0,1.41,90.0,1.83,90.0,2.68,90.0,2.54,90.0
201,202,Knockaert,4.7,4.7,Fulham,,0.0,,0.0,,0.0,,0.0,,0.0,,0.0,,0.0,,0.0,,0.0
202,203,Chalobah,4.4,4.4,Fulham,,0.0,,0.0,,0.0,,0.0,,0.0,,0.0,,0.0,,0.0,,0.0
203,204,Kebano,5.5,5.5,Fulham,2.9,70.06,3.03,67.97,3.58,70.92,0.94,55.97,3.1,67.0,2.71,70.5,2.5,59.0,2.89,59.0,1.18,24.0
204,205,De Cordova-Reid,5.5,5.5,Fulham,2.56,66.3,3.0,72.54,3.41,73.82,2.9,76.1,3.59,76.44,2.61,71.43,2.62,62.05,2.8,59.53,3.27,64.16
205,206,Bryan,4.4,4.4,Fulham,0.23,90.0,,90.0,,90.0,,90.0,,90.0,,90.0,,90.0,,90.0,,90.0
206,207,Gazzaniga,4.0,4.0,Fulham,,90.0,,90.0,,90.0,,90.0,,90.0,,90.0,,90.0,,90.0,,90.0
207,208,Kongolo,3.9,3.9,Fulham,,90.0,,90.0,,90.0,,90.0,,90.0,,90.0,,90.0,,90.0,,90.0
208,209,Tosin,4.5,4.5,Fulham,1.45,90.0,2.61,90.0,2.98,90.0,,90.0,,90.0,1.55,90.0,1.94,90.0,2.9,90.0,2.77,90.0
209,210,Mitrović,6.9,6.9,Fulham,3.97,84.48,4.63,85.5,5.16,86.0,4.11,85.0,5.21,86.0,4.18,85.0,4.65,86.0,5.36,86.0,5.04,85.53
210,211,Reed,4.5,4.5,Fulham,1.38,58.0,1.93,65.06,2.25,68.83,1.67,71.0,2.16,73.5,1.72,74.6,1.94,75.5,2.23,75.5,2.71,78.72
211,212,Wilson,5.7,5.7,Fulham,0.0,22.89,0.0,0.0,0.0,0.31,0.0,1.58,0.0,4.36,0.0,7.06,0.0,13.63,0.0,28.43,0.0,39.29
212,213,Rodák,4.4,4.4,Fulham,1.35,90.0,2.79,90.0,3.01,90.0,,90.0,,90.0,,90.0,,90.0,,90.0,,90.0
213,214,Cavaleiro,4.8,4.8,Fulham,,0.0,,0.0,,0.0,,0.0,,0.0,,0.0,,0.0,,0.0,,0.0
214,215,Tete,4.5,4.5,Fulham,,90.0,,90.0,,90.0,,90.0,,90.0,,90.0,,90.0,2.63,90.0,2.65,90.0
215,216,Onomah,4.4,4.4,Fulham,,0.0,,0.0,,0.0,,0.0,,0.0,,0.0,,0.0,,0.0,,0.0
216,217,Robinson,4.4,4.4,Fulham,1.38,90.0,2.61,90.0,2.93,90.0,1.35,90.0,2.51,90.0,1.54,90.0,1.63,90.0,,90.0,,90.0
217,218,Muniz,5.4,5.4,Fulham,,0.0,,0.0,,0.0,,0.0,,0.0,,0.0,,0.0,,0.0,,0.0
218,219,Stansfield,4.5,4.5,Fulham,,0.0,,0.0,,0.0,,0.0,,0.0,,0.0,,0.0,,0.0,,0.0
219,220,Palhinha,5.0,5.0,Fulham,1.58,75.46,1.87,78.5,2.11,80.0,1.72,82.0,2.13,83.0,1.73,84.0,1.88,84.3,2.16,84.3,0.0,67.07
220,221,Cooper,4.4,4.4,Leeds,0.57,90.0,0.58,90.0,0.44,90.0,0.72,90.0,0.5,90.0,0.37,90.0,2.16,90.0,,90.0,2.32,90.0
221,222,Ayling,4.5,4.5,Leeds,,90.0,,90.0,,90.0,0.02,90.0,,90.0,,90.0,,90.0,,90.0,,90.0
222,223,Klich,4.8,4.8,Leeds,1.39,34.3,1.22,32.0,0.94,28.0,0.73,21.0,1.49,27.29,0.9,25.0,1.32,29.0,,0.0,1.19,29.0
223,224,Forshaw,4.5,4.5,Leeds,0.73,24.5,0.56,20.0,0.41,17.0,0.46,18.0,0.51,16.0,0.35,13.0,0.35,10.0,,0.0,0.31,10.0
224,225,Rodrigo,6.3,6.3,Leeds,3.61,67.62,3.42,66.5,3.71,70.86,4.03,72.26,4.78,71.84,0.0,23.81,0.0,35.77,0.0,57.94,3.33,62.98
225,226,Dallas,4.9,4.9,Leeds,0.0,90.0,0.0,90.0,0.0,90.0,0.0,90.0,,90.0,,90.0,,90.0,,90.0,,90.0
226,227,Bamford,7.3,7.3,Leeds,4.4,75.95,4.32,78.0,1.22,60.54,1.0,52.83,1.83,55.4,2.84,66.91,5.07,68.85,0.0,65.53,4.39,65.29
227,228,Llorente,4.5,4.5,Leeds,3.2,90.0,2.44,90.0,1.84,90.0,2.32,90.0,3.27,90.0,2.47,90.0,2.93,90.0,,90.0,2.1,90.0
228,229,Roberts,5.0,5.0,Leeds,,0.0,,0.0,,0.0,,0.0,,0.0,,0.0,,0.0,,0.0,,0.0
229,230,Koch,4.5,4.5,Leeds,,90.0,,90.0,,90.0,,90.0,,90.0,,90.0,,90.0,,90.0,2.22,90.0
230,231,James,6.0,6.0,Fulham,,0.0,,0.0,,0.0,,0.0,,0.0,0.7,33.7,1.56,47.55,2.25,50.0,1.81,40.0
231,232,Raphinha,7.0,7.0,Leeds,,0.0,,0.0,,0.0,,0.0,,0.0,,0.0,,0.0,,0.0,,0.0
232,233,Harrison,6.1,6.1,Leeds,3.35,68.6,3.31,72.0,2.95,74.0,3.29,76.0,3.72,74.08,3.38,77.0,4.19,74.0,0.0,74.0,3.78,74.0
233,234,Shackleton,4.5,4.5,Leeds,,0.0,,0.0,,0.0,,0.0,,0.0,,0.0,,0.0,,0.0,,0.0
234,235,Struijk,4.5,4.5,Leeds,,90.0,,90.0,1.86,90.0,2.28,90.0,,90.0,,90.0,,90.0,,90.0,,90.0
235,236,Klaesson,4.0,4.0,Leeds,,90.0,,90.0,,90.0,,90.0,,90.0,,90.0,,90.0,,90.0,,90.0
236,237,Greenwood,4.3,4.3,Leeds,0.73,11.76,0.84,15.0,0.58,12.0,0.55,11.0,0.55,9.0,0.37,7.0,0.8,9.0,,0.0,0.72,9.0
237,238,Meslier,4.5,4.5,Leeds,3.78,90.0,3.42,90.0,3.22,90.0,3.37,90.0,3.72,90.0,3.41,90.0,3.92,90.0,0.0,90.0,3.59,90.0
238,239,Firpo,4.5,4.5,Leeds,,90.0,,90.0,,90.0,,90.0,0.0,90.0,0.09,90.0,1.74,90.0,,90.0,1.28,90.0
239,240,Summerville,4.4,4.4,Leeds,,0.0,,0.0,,0.0,,0.0,,0.0,,0.0,,0.0,,0.0,,0.0
240,241,Bate,4.5,4.5,Leeds,,0.0,,0.0,,0.0,,0.0,,0.0,,0.0,,0.0,,0.0,,0.0
241,242,Gelhardt,5.2,5.2,Leeds,1.36,24.5,1.05,20.0,0.69,17.31,0.66,14.0,0.8,14.0,1.72,25.19,1.34,22.0,,0.0,1.21,22.0
242,243,Hjelde,3.9,3.9,Leeds,,90.0,,90.0,,90.0,,90.0,,90.0,,90.0,,90.0,,90.0,,90.0
243,244,Kristensen,4.8,4.8,Leeds,3.45,90.0,2.61,90.0,1.98,90.0,2.4,90.0,3.3,90.0,2.43,90.0,3.33,90.0,0.0,90.0,2.86,90.0
244,245,Roca,4.9,4.9,Leeds,2.24,73.5,2.15,73.0,1.91,75.5,1.88,71.0,1.86,64.85,1.79,69.5,3.18,72.0,0.0,72.0,2.87,72.0
245,246,Aaronson,5.5,5.5,Leeds,2.41,64.68,2.32,67.0,2.16,71.69,2.44,72.0,2.88,73.0,2.59,75.5,3.39,76.8,0.0,76.8,3.06,76.8
246,247,Gyabi,4.3,4.3,Leeds,,0.0,,0.0,,0.0,,0.0,,0.0,,0.0,,0.0,,0.0,,0.0
247,248,Schmeichel,5.0,5.0,Leicester,,90.0,,90.0,,90.0,,90.0,,90.0,,90.0,,90.0,,90.0,,90.0
248,249,Evans,4.4,4.4,Leicester,2.83,90.0,1.6,90.0,3.04,90.0,1.49,90.0,2.13,90.0,2.14,90.0,2.71,90.0,1.49,90.0,3.46,90.0
249,250,Bertrand,4.0,4.0,Leicester,,90.0,,90.0,,90.0,,90.0,,90.0,,90.0,,90.0,,90.0,,90.0
250,251,Albrighton,4.8,4.8,Leicester,0.79,19.6,0.5,16.0,0.56,13.0,0.31,11.0,0.35,9.0,0.23,7.0,,0.0,,0.0,0.19,4.0
251,252,Mendy,4.3,4.3,Leicester,,0.0,,0.0,,0.0,,0.0,,0.0,,0.0,,0.0,,0.0,,0.0
252,253,Vestergaard,3.9,3.9,Leicester,,90.0,,90.0,,90.0,,90.0,,90.0,,90.0,,90.0,,90.0,,90.0
253,254,Ward,4.1,4.0,Leicester,3.36,90.0,3.15,90.0,3.54,90.0,2.94,90.0,3.04,90.0,3.16,90.0,3.43,90.0,2.84,90.0,2.86,90.0
254,255,Vardy,9.2,9.2,Leicester,5.03,70.8,3.91,72.5,5.29,72.0,3.33,70.5,4.06,70.09,3.68,72.28,4.6,70.0,3.52,70.0,4.4,63.71
255,256,Ricardo,4.3,4.3,Leicester,0.0,90.0,,90.0,,90.0,,90.0,,90.0,,90.0,,90.0,,90.0,,90.0
256,257,Amartey,4.3,4.3,Leicester,,90.0,,90.0,,90.0,1.38,90.0,2.02,90.0,1.85,90.0,,90.0,,90.0,,90.0
257,258,Castagne,4.4,4.4,Leicester,3.21,90.0,1.86,90.0,3.45,90.0,1.64,90.0,2.39,90.0,2.21,90.0,2.25,90.0,,90.0,2.73,90.0
258,259,Tielemans,6.3,6.3,Leicester,2.61,66.99,2.63,72.5,3.55,71.0,1.82,64.25,3.25,71.0,2.82,72.2,3.41,72.2,2.61,72.2,4.08,74.0
259,260,Pérez,4.8,4.8,Leicester,0.93,15.68,0.59,13.0,0.69,11.0,2.34,31.11,1.62,28.0,1.2,24.0,1.26,21.0,,0.0,1.22,18.0
260,261,Maddison,8.1,8.0,Leicester,4.77,74.97,3.72,75.8,5.24,77.0,2.7,71.53,3.37,69.81,3.88,75.5,4.57,76.0,3.5,76.0,5.46,77.3
261,262,Iheanacho,6.2,6.2,Leicester,2.12,32.34,1.36,27.0,1.88,27.0,1.16,24.0,1.96,30.0,1.57,28.0,2.39,35.0,1.82,35.0,2.39,31.0
262,263,Choudhury,4.5,4.5,Leicester,,0.0,,0.0,,0.0,,0.0,,0.0,,0.0,,0.0,,0.0,,0.0
263,264,Barnes,6.9,6.9,Leicester,0.0,31.0,0.0,37.2,3.98,61.7,3.1,67.0,4.38,70.0,3.45,67.87,3.34,62.06,3.13,65.0,4.62,66.0
264,265,Ndidi,4.8,4.8,Leicester,2.23,73.5,1.78,76.0,2.51,78.0,1.69,79.5,2.2,75.5,1.91,77.0,2.34,79.0,1.79,79.0,2.22,75.63
265,266,Dewsbury-Hall,5.0,5.0,Leicester,3.01,77.91,2.48,77.0,3.42,78.2,2.28,79.5,2.98,80.5,2.59,81.0,2.97,77.0,2.27,77.0,3.34,75.5
266,267,Söyüncü,4.2,4.2,Leicester,,90.0,,90.0,,90.0,,90.0,,90.0,,90.0,,90.0,,90.0,,90.0
267,268,Justin,4.3,4.3,Leicester,2.85,90.0,1.54,90.0,3.13,90.0,1.62,90.0,2.3,90.0,2.3,90.0,2.88,90.0,1.64,90.0,3.61,90.0
268,269,Soumaré,4.4,4.4,Leicester,0.31,9.8,0.22,9.0,0.23,7.0,0.11,5.0,0.12,4.0,0.08,3.0,,0.0,,0.0,0.52,15.0
269,270,Thomas,4.3,4.3,Leicester,,90.0,,90.0,,90.0,,90.0,,90.0,,90.0,,90.0,,90.0,,90.0
270,271,Daka,5.7,5.7,Leicester,1.98,30.38,1.45,29.0,1.99,29.0,1.29,29.0,1.52,25.0,1.41,22.47,2.15,33.0,1.64,33.0,2.73,39.0
271,272,Fofana,4.4,4.4,Chelsea,,90.0,,90.0,,90.0,,90.0,,90.0,1.37,90.0,3.02,90.0,0.0,90.0,3.15,90.0
272,273,Brunt,3.9,3.9,Leicester,,90.0,,90.0,,90.0,,90.0,,90.0,,90.0,,90.0,,90.0,,90.0
273,274,Milner,4.5,4.5,Liverpool,0.4,8.82,0.98,19.43,1.28,27.39,2.23,34.37,1.75,30.12,1.06,22.74,0.88,19.0,,0.0,0.71,16.0
274,275,Henderson,5.3,5.3,Liverpool,2.81,66.64,3.28,74.17,2.64,68.59,3.3,65.37,2.99,66.38,0.0,28.71,0.0,40.45,0.0,52.91,2.11,62.2
275,276,Matip,5.9,5.9,Liverpool,4.55,90.0,2.47,90.0,0.0,90.0,0.0,90.0,0.0,90.0,2.35,90.0,4.16,90.0,0.0,90.0,3.87,90.0
276,277,Thiago,5.2,5.2,Liverpool,2.72,66.64,0.0,1.58,0.0,4.54,0.0,25.4,0.0,25.4,0.0,34.49,0.62,46.93,0.0,62.81,2.47,62.0
277,278,Chamberlain,4.9,4.9,Liverpool,0.0,0.26,0.0,0.39,0.0,0.56,0.0,0.76,0.05,0.98,0.0,0.36,,0.0,,0.0,,0.0
278,279,Firmino,7.9,7.9,Liverpool,2.68,34.79,2.16,30.92,3.82,53.61,5.05,53.2,5.39,58.42,3.86,54.03,3.29,44.47,0.0,43.0,2.52,39.0
279,280,Van Dijk,6.4,6.4,Liverpool,4.54,90.0,4.99,90.0,3.73,90.0,5.39,90.0,4.5,90.0,4.16,90.0,4.67,90.0,0.0,90.0,4.46,90.0
280,281,Alisson,5.4,5.4,Liverpool,4.29,90.0,4.64,90.0,3.83,90.0,4.75,90.0,4.21,90.0,4.08,90.0,4.46,90.0,0.0,90.0,4.23,90.0
281,282,Fabinho,5.4,5.4,Liverpool,2.85,78.4,2.57,73.85,2.54,79.19,3.16,74.72,2.82,75.3,2.64,77.28,2.91,76.47,0.0,75.0,2.56,74.0
282,283,Salah,12.8,12.8,Liverpool,8.3,83.36,8.48,83.09,7.25,84.2,9.47,84.66,8.3,84.23,7.45,84.0,7.84,81.5,0.0,79.5,7.68,81.04
283,284,Robertson,6.7,6.7,Liverpool,5.03,90.0,5.54,90.0,3.9,90.0,5.46,90.0,4.25,90.0,3.81,90.0,4.49,90.0,0.0,90.0,0.24,90.0
284,285,Alexander-Arnold,7.3,7.3,Liverpool,5.88,90.0,6.36,90.0,4.83,90.0,7.02,90.0,5.7,90.0,5.39,90.0,5.84,90.0,0.0,90.0,5.72,90.0
285,286,Gomez,4.5,4.5,Liverpool,,90.0,,90.0,2.8,90.0,4.22,90.0,3.56,90.0,2.25,90.0,,90.0,,90.0,,90.0
286,287,Keita,4.8,4.8,Liverpool,0.5,27.99,2.31,41.19,1.77,37.59,0.0,20.08,0.76,26.7,0.0,12.94,,0.0,,0.0,0.0,12.2
287,288,Diogo Jota,8.9,8.9,Liverpool,0.0,26.87,0.0,37.96,0.0,37.16,0.4,41.83,0.0,32.71,0.65,32.16,2.6,39.02,0.0,40.0,2.71,39.0
288,289,Kelleher,4.0,4.0,Liverpool,,90.0,,90.0,,90.0,,90.0,,90.0,,90.0,,90.0,,90.0,,90.0
289,290,Konaté,4.8,4.8,Liverpool,0.37,90.0,0.0,90.0,,90.0,0.0,90.0,,90.0,,90.0,,90.0,,90.0,,90.0
290,291,Jones,4.9,4.9,Liverpool,0.47,14.38,1.02,19.17,0.75,15.59,0.0,8.11,0.57,9.69,1.09,17.45,,0.0,,0.0,0.32,7.0
291,292,Tsimikas,4.5,4.5,Liverpool,,90.0,,90.0,,90.0,,90.0,,90.0,,90.0,,90.0,,90.0,4.17,90.0
292,293,Luis Díaz,8.1,8.1,Liverpool,5.36,72.16,5.13,72.32,4.82,77.34,5.92,75.53,5.54,76.92,4.83,73.95,4.85,69.49,0.0,70.96,4.53,69.0
293,294,Elliott,5.0,5.0,Liverpool,,0.0,,0.0,,0.0,,0.0,3.45,47.57,3.46,57.58,3.45,45.6,,0.0,1.84,31.37
294,295,N.Williams,4.1,4.1,Nott'm Forest,2.35,90.0,2.59,90.0,2.78,90.0,2.0,90.0,1.06,90.0,4.12,90.0,2.56,90.0,3.33,90.0,2.43,90.0
295,296,Carvalho,5.4,5.4,Liverpool,,0.0,,0.0,,0.0,,0.0,,0.0,2.07,25.0,,0.0,,0.0,2.04,28.0
296,297,Darwin,8.8,8.8,Liverpool,3.87,58.24,4.78,62.54,0.0,25.29,0.0,35.98,0.0,41.48,2.83,50.9,4.66,59.0,0.0,59.0,4.02,53.0
297,298,Ramsay,3.9,3.9,Liverpool,,90.0,,90.0,,90.0,,90.0,,90.0,,90.0,,90.0,,90.0,,90.0
298,299,Walker,5.0,5.0,Man City,3.47,90.0,4.84,90.0,3.74,90.0,4.2,90.0,4.12,90.0,3.17,90.0,2.7,90.0,0.54,90.0,3.53,90.0
299,300,Gündogan,7.5,7.5,Man City,3.07,55.96,5.16,67.15,3.79,65.0,4.86,64.92,5.38,61.83,3.85,63.13,4.11,65.2,3.63,63.47,3.91,59.0
300,301,De Bruyne,12.4,12.4,Man City,5.73,77.86,7.06,78.1,5.64,79.2,6.67,79.0,6.87,79.47,5.97,78.23,5.88,78.0,5.63,78.0,6.14,77.0
301,302,Stones,5.4,5.4,Man City,2.51,90.0,2.16,90.0,1.63,90.0,4.27,90.0,4.94,90.0,4.01,90.0,2.94,90.0,3.41,90.0,,90.0
302,303,Mahrez,7.5,7.5,Man City,4.39,53.38,4.36,45.0,3.68,50.2,3.74,46.0,4.59,48.46,3.65,44.47,3.03,40.0,2.54,39.34,3.03,38.0
303,304,Sterling,10.0,10.0,Chelsea,5.08,71.05,5.29,74.0,5.63,75.5,5.83,76.2,5.6,76.0,6.06,77.3,5.65,77.0,0.0,77.0,5.24,78.0
304,305,Grealish,6.8,6.8,Man City,3.47,60.75,4.35,63.0,3.17,60.0,1.86,52.97,2.05,49.27,1.47,46.63,1.94,46.32,2.4,49.34,3.45,57.0
305,306,Cancelo,7.2,7.1,Man City,4.67,90.0,6.28,90.0,4.7,90.0,5.48,90.0,5.58,90.0,4.46,90.0,4.19,90.0,4.71,90.0,4.69,90.0
306,307,Ederson,5.5,5.5,Man City,4.02,90.0,4.82,90.0,4.08,90.0,4.41,90.0,4.64,90.0,4.07,90.0,3.88,90.0,4.17,90.0,3.92,90.0
307,308,Aké,5.0,5.0,Man City,3.0,90.0,4.92,90.0,3.77,90.0,,90.0,,90.0,,90.0,,90.0,,90.0,,90.0
308,309,Laporte,5.8,5.8,Man City,0.0,90.0,0.0,90.0,0.0,90.0,0.0,90.0,0.0,90.0,0.0,90.0,0.97,90.0,,90.0,1.14,90.0
309,310,Steffen,4.0,4.0,Man City,,90.0,,90.0,,90.0,,90.0,,90.0,,90.0,,90.0,,90.0,,90.0
310,311,Bernardo,7.0,7.0,Man City,3.19,60.38,3.47,47.29,2.04,42.0,4.01,59.29,4.1,62.54,3.36,66.02,3.64,67.7,3.82,68.53,3.84,67.7
311,312,Dias,5.9,5.9,Man City,4.07,90.0,5.5,90.0,4.13,90.0,4.71,90.0,4.98,90.0,4.05,90.0,3.52,90.0,4.07,90.0,3.85,90.0
312,313,Zinchenko,5.1,5.1,Arsenal,3.76,90.0,3.83,90.0,3.9,90.0,4.16,90.0,2.0,90.0,1.3,90.0,3.19,90.0,1.27,90.0,2.52,90.0
313,314,Foden,8.1,8.1,Man City,3.2,64.49,5.57,69.5,4.13,66.7,5.08,66.8,5.31,68.85,4.06,66.02,4.4,69.0,4.34,68.4,4.6,67.8
314,315,Rodri,5.8,5.8,Man City,2.73,75.46,3.64,77.0,2.8,78.0,3.52,77.87,3.33,77.78,2.83,77.0,2.91,78.0,2.79,78.0,3.04,78.5
315,316,Palmer,4.4,4.4,Man City,,0.0,,0.0,,0.0,,0.0,,0.0,,0.0,,0.0,,0.0,,0.0
316,317,McAtee,4.5,4.5,Man City,,0.0,,0.0,,0.0,,0.0,,0.0,,0.0,,0.0,,0.0,,0.0
317,318,Haaland,12.2,11.8,Man City,6.29,75.46,8.64,77.0,6.5,76.0,7.47,70.88,7.24,69.99,6.12,71.55,7.34,75.5,6.99,74.57,7.71,76.43
318,319,Álvarez,6.1,6.1,Man City,1.57,23.52,1.72,20.0,1.33,20.0,1.67,24.39,2.77,28.63,3.27,39.21,2.4,33.0,2.58,33.53,2.43,32.0
319,320,Mbete,3.9,3.9,Man City,,90.0,,90.0,,90.0,,90.0,,90.0,,90.0,,90.0,,90.0,,90.0
320,321,Lavia,4.5,4.5,Southampton,1.39,53.9,2.0,57.0,1.82,64.0,2.05,69.0,1.76,69.0,0.0,9.55,0.0,17.42,,0.0,0.0,34.29
321,322,Wilson-Esbrand,3.9,3.9,Man City,,90.0,,90.0,,90.0,,90.0,,90.0,,90.0,,90.0,,90.0,,90.0
322,323,Delap,4.4,4.4,Man City,,0.0,,0.0,,0.0,,0.0,,0.0,,0.0,,0.0,,0.0,,0.0
323,324,Ortega,3.9,3.9,Man City,,90.0,,90.0,,90.0,,90.0,,90.0,,90.0,,90.0,,90.0,,90.0
324,325,Phillips,4.8,4.8,Man City,1.0,34.3,0.56,25.79,0.61,27.17,0.51,25.87,1.08,26.69,0.3,22.08,0.71,23.0,,0.0,0.42,19.28
325,326,Ronaldo,10.2,10.2,Man Utd,2.61,52.84,5.2,74.2,4.36,73.69,4.4,43.19,2.21,27.61,2.08,26.47,1.71,27.0,,0.0,1.13,27.0
326,327,De Gea,4.9,4.9,Man Utd,4.05,90.0,3.68,90.0,3.18,90.0,3.68,90.0,3.54,90.0,3.43,90.0,3.68,90.0,0.0,90.0,3.09,90.0
327,328,Jones,3.9,3.9,Man Utd,,90.0,,90.0,,90.0,,90.0,,90.0,,90.0,,90.0,,90.0,,90.0
328,329,Varane,4.8,4.8,Man Utd,,90.0,,90.0,,90.0,2.95,90.0,2.72,90.0,2.43,90.0,2.9,90.0,0.0,90.0,1.43,90.0
329,330,Maguire,4.7,4.7,Man Utd,3.76,90.0,3.02,90.0,1.55,90.0,1.29,90.0,1.07,90.0,0.91,90.0,,90.0,,90.0,,90.0
330,331,Fred,5.2,5.2,Man Utd,3.03,76.44,2.58,73.5,2.13,69.0,1.29,51.18,1.45,42.0,1.11,32.0,0.97,29.0,,0.0,0.64,29.0
331,332,Shaw,4.7,4.7,Man Utd,,90.0,1.99,90.0,1.24,90.0,,90.0,,90.0,,90.0,,90.0,,90.0,,90.0
332,333,Fernandes,9.8,9.8,Man Utd,5.45,83.3,4.82,83.9,4.16,83.5,5.11,84.5,5.06,85.5,5.03,86.0,4.9,86.6,0.0,86.6,3.23,86.6
333,334,Telles,5.0,5.0,Man Utd,,90.0,,90.0,,90.0,,90.0,,90.0,,90.0,,90.0,,90.0,,90.0
334,335,Rashford,6.5,6.5,Man Utd,4.64,64.25,3.91,63.99,3.12,64.0,4.67,69.43,4.26,68.04,4.27,68.61,4.5,71.91,0.0,67.02,1.87,56.63
335,336,Van de Beek,5.1,5.1,Man Utd,1.82,37.24,1.19,32.62,1.05,28.0,0.83,18.0,0.48,11.0,0.35,8.0,,0.0,,0.0,0.14,5.0
336,337,Lindelöf,4.3,4.3,Man Utd,,90.0,,90.0,,90.0,,90.0,,90.0,,90.0,,90.0,,90.0,,90.0
337,338,McTominay,4.9,4.9,Man Utd,2.4,74.21,2.27,75.46,1.91,73.0,2.25,71.0,2.12,71.5,2.16,73.0,1.98,72.0,0.0,72.0,1.3,67.52
338,339,Bailly,4.0,4.0,Man Utd,,90.0,,90.0,,90.0,,90.0,,90.0,,90.0,,90.0,,90.0,,90.0
339,340,Sancho,7.3,7.3,Man Utd,3.81,68.89,4.07,73.2,3.36,69.0,4.39,70.5,4.11,67.92,4.11,67.76,3.74,66.5,0.0,66.5,2.47,66.5
340,341,Wan-Bissaka,4.3,4.3,Man Utd,,90.0,,90.0,,90.0,,90.0,,90.0,,90.0,,90.0,,90.0,,90.0
341,342,Dalot,4.5,4.5,Man Utd,3.65,90.0,3.11,90.0,1.66,90.0,3.07,90.0,2.95,90.0,2.73,90.0,3.19,90.0,0.0,90.0,1.45,90.0
342,343,B.Williams,3.9,3.9,Man Utd,,90.0,,90.0,,90.0,,90.0,,90.0,,90.0,,90.0,,90.0,,90.0
343,344,Elanga,4.9,4.9,Man Utd,3.0,46.6,1.39,35.17,1.52,36.0,2.33,40.0,3.09,43.81,2.44,39.8,1.4,27.0,,0.0,0.93,27.0
344,345,Martial,6.9,6.9,Man Utd,1.61,39.5,0.0,26.83,1.07,39.5,0.0,36.83,1.17,37.42,0.0,23.9,0.68,25.2,0.0,32.48,1.0,33.49
345,346,Andreas,4.6,4.5,Fulham,2.5,73.22,2.91,75.17,2.88,73.08,2.69,77.46,3.26,77.2,2.69,78.2,2.83,74.7,3.27,74.7,3.21,75.3
346,347,Pellistri,4.4,4.4,Man Utd,,0.0,,0.0,,0.0,,0.0,,0.0,,0.0,,0.0,,0.0,,0.0
347,348,Heaton,4.0,4.0,Man Utd,,90.0,,90.0,,90.0,,90.0,,90.0,,90.0,,90.0,,90.0,,90.0
348,349,Shelvey,4.8,4.8,Newcastle,0.0,21.93,0.0,0.0,0.0,0.0,0.0,0.0,0.0,0.0,0.0,0.0,,0.0,,0.0,0.0,0.0
349,350,Ritchie,4.3,4.3,Newcastle,,90.0,,90.0,,90.0,,90.0,,90.0,,90.0,,90.0,,90.0,,90.0
350,351,Fernández,4.4,4.4,Newcastle,,90.0,,90.0,,90.0,,90.0,,90.0,,90.0,,90.0,,90.0,,90.0
351,352,Clark,4.5,4.5,Newcastle,,90.0,,90.0,,90.0,,90.0,,90.0,,90.0,,90.0,,90.0,,90.0
352,353,Darlow,4.0,4.0,Newcastle,,90.0,,90.0,,90.0,,90.0,,90.0,,90.0,,90.0,,90.0,,90.0
353,354,Wood,5.6,5.6,Newcastle,0.83,17.79,0.65,15.0,0.45,13.0,3.29,39.08,1.78,23.31,0.75,11.23,0.35,8.0,,0.0,0.85,10.91
354,355,Dubravka,4.3,4.3,Man Utd,,90.0,,90.0,,90.0,,90.0,,90.0,,90.0,,90.0,,90.0,,90.0
355,356,Wilson,7.2,7.2,Newcastle,4.83,74.48,4.05,78.0,3.13,78.2,0.0,14.84,0.0,21.8,0.0,19.15,0.0,27.28,0.36,30.43,4.46,59.72
356,357,Trippier,5.5,5.3,Newcastle,4.46,90.0,3.28,90.0,1.89,90.0,3.54,90.0,1.67,90.0,4.0,90.0,3.03,90.0,5.0,90.0,3.85,90.0
357,358,Burn,4.5,4.5,Newcastle,1.63,90.0,1.25,90.0,1.54,90.0,1.86,90.0,1.18,90.0,2.81,90.0,2.3,90.0,,90.0,2.55,90.0
358,359,Fraser,5.3,5.3,Newcastle,2.45,43.12,1.24,34.94,0.7,33.1,1.44,32.0,1.5,35.75,2.69,41.68,2.04,38.19,1.94,35.0,1.62,35.0
359,360,Lascelles,4.3,4.3,Newcastle,,90.0,,90.0,,90.0,,90.0,,90.0,,90.0,,90.0,,90.0,,90.0
360,361,Gayle,4.5,4.5,Newcastle,,0.0,,0.0,,0.0,,0.0,,0.0,,0.0,,0.0,,0.0,,0.0
361,362,Dummett,3.9,3.9,Newcastle,,90.0,,90.0,,90.0,,90.0,,90.0,,90.0,,90.0,,90.0,,90.0
362,363,Manquillo,4.3,4.3,Newcastle,,90.0,,90.0,,90.0,,90.0,,90.0,,90.0,,90.0,,90.0,,90.0
363,364,Krafth,4.3,4.3,Newcastle,,90.0,,90.0,,90.0,,90.0,,90.0,,90.0,,90.0,,90.0,,90.0
364,365,Murphy,4.3,4.3,Newcastle,1.09,20.58,0.75,18.0,0.6,18.0,0.72,17.0,0.43,14.0,0.84,18.0,0.82,20.0,1.07,20.0,0.9,20.0
365,366,Schär,4.7,4.7,Newcastle,3.42,90.0,2.77,90.0,1.62,90.0,3.16,90.0,1.41,90.0,3.4,90.0,2.51,90.0,4.54,90.0,2.92,90.0
366,367,Targett,4.9,4.9,Newcastle,4.03,90.0,2.82,90.0,0.23,90.0,2.07,90.0,0.91,90.0,2.98,90.0,2.1,90.0,3.55,90.0,2.89,90.0
367,368,Saint-Maximin,6.4,6.4,Newcastle,4.29,76.44,3.39,77.7,2.61,77.0,3.55,78.5,1.7,71.01,0.0,52.28,2.06,68.59,1.79,70.8,2.69,69.82
368,369,Almirón,5.1,5.1,Newcastle,1.92,41.16,2.2,54.61,1.84,59.38,2.81,66.15,2.12,68.92,3.29,70.74,2.75,68.0,3.59,68.0,3.06,70.0
369,370,S.Longstaff,4.4,4.4,Newcastle,1.27,28.65,0.83,27.0,0.61,25.0,0.86,27.0,1.51,38.8,1.85,37.92,0.97,31.0,1.27,31.0,1.0,29.0
370,371,Joelinton,6.0,6.0,Newcastle,3.37,73.5,2.9,79.0,2.27,79.7,2.88,81.0,2.14,81.5,3.32,82.5,2.92,83.2,3.81,83.2,3.14,84.0
371,372,Lewis,4.4,4.4,Newcastle,,90.0,,90.0,,90.0,,90.0,,90.0,,90.0,,90.0,,90.0,,90.0
372,373,Willock,4.9,4.9,Newcastle,2.74,54.88,2.6,67.0,2.11,69.0,2.71,69.0,2.11,71.2,3.3,73.0,2.96,74.2,3.86,74.2,3.2,73.8
373,374,Bruno Guimarães,5.6,5.6,Newcastle,4.39,81.83,3.5,84.0,2.71,84.5,3.17,85.5,0.0,57.24,1.14,66.72,2.3,78.85,3.34,82.15,2.74,81.77
374,375,Hendrick,4.5,4.5,Newcastle,0.0,0.0,0.0,0.0,0.0,0.0,0.0,0.0,0.0,0.0,0.0,0.0,,0.0,,0.0,,0.0
375,376,Pope,5.3,5.3,Newcastle,4.17,90.0,3.64,90.0,3.19,90.0,3.75,90.0,3.18,90.0,3.91,90.0,3.54,90.0,4.37,90.0,3.75,90.0
376,377,Botman,4.4,4.4,Newcastle,3.88,90.0,2.61,90.0,1.13,90.0,2.7,90.0,1.17,90.0,2.89,90.0,2.09,90.0,3.96,90.0,1.97,90.0
377,378,Arter,4.3,4.3,Nott'm Forest,,0.0,,0.0,,0.0,,0.0,,0.0,,0.0,,0.0,,0.0,,0.0
378,379,Cook,4.4,4.4,Nott'm Forest,,90.0,,90.0,,90.0,,90.0,,90.0,,90.0,,90.0,,90.0,,90.0
379,380,Taylor,4.3,4.3,Nott'm Forest,0.2,5.88,0.17,4.5,0.14,4.0,0.11,3.0,0.05,2.0,0.04,1.0,,0.0,,0.0,,0.0
380,381,Colback,4.3,4.3,Nott'm Forest,1.71,65.0,2.07,68.5,0.0,44.82,0.97,53.5,0.62,45.79,1.34,39.0,,0.0,,0.0,0.7,25.0
381,382,Samba,4.5,4.5,Nott'm Forest,,90.0,,90.0,,90.0,,90.0,,90.0,,90.0,,90.0,,90.0,,90.0
382,383,Cafú,4.3,4.3,Nott'm Forest,0.42,14.7,0.4,12.0,0.36,12.0,0.27,9.0,0.14,7.0,0.19,5.0,,0.0,,0.0,0.06,2.0
383,384,Lolley,4.9,4.9,Nott'm Forest,,0.0,,0.0,,0.0,,0.0,,0.0,,0.0,,0.0,,0.0,,0.0
384,385,McKenna,4.4,4.4,Nott'm Forest,2.14,90.0,1.63,90.0,2.22,90.0,1.57,90.0,0.97,90.0,2.99,90.0,,90.0,2.47,90.0,1.66,90.0
385,386,Dräger,4.0,4.0,Nott'm Forest,,90.0,,90.0,,90.0,,90.0,,90.0,,90.0,,90.0,,90.0,,90.0
386,387,Yates,5.0,5.0,Nott'm Forest,0.0,40.78,0.0,56.35,0.93,65.68,1.95,76.95,1.71,82.0,3.22,80.5,2.74,81.2,3.1,81.2,2.66,82.0
387,388,Worrall,4.3,4.3,Nott'm Forest,2.19,90.0,2.3,90.0,2.37,90.0,1.64,90.0,0.97,90.0,3.32,90.0,2.01,90.0,2.64,90.0,,90.0
388,389,Panzo,4.0,4.0,Nott'm Forest,,90.0,,90.0,,90.0,,90.0,,90.0,,90.0,,90.0,,90.0,,90.0
389,390,Xande Silva,5.0,5.0,Nott'm Forest,,0.0,,0.0,,0.0,,0.0,,0.0,,0.0,,0.0,,0.0,,0.0
390,391,Surridge,4.8,4.8,Nott'm Forest,,0.0,,0.0,,0.0,,0.0,,0.0,,0.0,,0.0,,0.0,,0.0
391,392,Laryea,4.5,4.5,Nott'm Forest,,90.0,,90.0,,90.0,,90.0,,90.0,,90.0,,90.0,,90.0,,90.0
392,393,Mbe Soh,4.3,4.3,Nott'm Forest,,90.0,,90.0,,90.0,,90.0,,90.0,,90.0,,90.0,,90.0,,90.0
393,394,Johnson,5.9,5.9,Nott'm Forest,3.14,80.22,3.59,80.6,3.13,79.0,3.32,80.5,1.97,80.01,3.97,80.0,3.49,81.0,3.95,81.0,3.27,80.4
394,395,Mighten,4.9,4.9,Nott'm Forest,,0.0,,0.0,,0.0,,0.0,,0.0,,0.0,,0.0,,0.0,,0.0
395,396,Ojeda,4.5,4.5,Nott'm Forest,,0.0,,0.0,,0.0,,0.0,,0.0,,0.0,,0.0,,0.0,,0.0
396,397,Awoniyi,5.8,5.8,Nott'm Forest,2.5,67.56,3.15,68.48,3.43,70.0,3.33,68.0,2.08,62.15,3.48,57.0,2.56,49.0,2.9,49.0,3.0,57.0
397,398,Henderson,4.7,4.7,Nott'm Forest,3.23,90.0,3.29,90.0,3.32,90.0,3.13,90.0,3.16,90.0,3.89,90.0,3.31,90.0,3.57,90.0,3.27,90.0
398,399,Biancone,4.3,4.3,Nott'm Forest,,90.0,,90.0,,90.0,,90.0,,90.0,,90.0,,90.0,,90.0,,90.0
399,400,Walcott,4.9,4.9,Southampton,,0.0,,0.0,,0.0,,0.0,,0.0,,0.0,,0.0,,0.0,,0.0
400,401,McCarthy,4.3,4.3,Southampton,1.97,90.0,,90.0,,90.0,,90.0,,90.0,,90.0,,90.0,,90.0,,90.0
401,402,Romeu,4.8,4.8,Southampton,0.89,34.3,1.71,48.0,0.82,38.79,0.8,30.39,0.52,24.39,0.34,20.3,0.32,16.79,,0.0,0.33,17.06
402,403,Redmond,5.3,5.3,Southampton,1.3,43.52,2.05,40.0,0.84,29.25,1.07,23.0,0.76,19.0,0.62,15.0,0.57,12.0,,0.0,,0.0
403,404,Stephens,4.3,4.3,Bournemouth,,90.0,,90.0,,90.0,,90.0,,90.0,,90.0,,90.0,,90.0,,90.0
404,405,S.Armstrong,4.9,4.9,Southampton,2.39,67.13,3.15,64.0,2.73,65.0,2.32,56.94,1.79,50.39,1.59,44.28,2.01,43.0,1.77,43.0,1.84,39.0
405,406,Elyounoussi,5.3,5.3,Southampton,1.37,42.01,2.05,38.0,1.89,43.0,2.69,51.83,2.3,54.15,2.85,63.72,2.76,59.0,2.42,59.0,2.87,62.0
406,407,Ward-Prowse,6.4,6.4,Southampton,3.24,83.3,4.59,81.36,3.56,81.73,4.02,83.4,3.56,85.16,3.67,86.0,4.24,87.0,3.72,87.0,4.25,88.0
407,408,A.Armstrong,5.5,5.5,Southampton,1.04,24.5,1.73,30.0,1.53,32.0,2.56,41.29,2.51,50.83,3.16,61.21,3.34,63.5,2.93,63.5,3.43,65.5
408,409,Walker-Peters,4.5,4.5,Southampton,1.69,90.0,3.26,90.0,2.38,90.0,2.24,90.0,2.11,90.0,2.77,90.0,3.12,90.0,2.5,90.0,3.63,90.0
409,410,Bednarek,4.3,4.3,Aston Villa,,90.0,,90.0,,90.0,,90.0,,90.0,,90.0,,90.0,,90.0,,90.0
410,411,Adams,6.4,6.4,Southampton,2.95,67.62,3.77,62.5,3.04,65.7,4.07,67.15,3.55,69.92,3.79,73.23,4.15,73.5,3.64,73.5,3.37,69.81
411,412,Tella,5.0,5.0,Southampton,0.0,16.8,0.31,11.57,0.18,10.39,0.24,6.0,0.14,4.0,0.11,3.0,,0.0,,0.0,,0.0
412,413,Lyanco,4.4,4.4,Southampton,0.97,90.0,0.32,90.0,,90.0,,90.0,,90.0,,90.0,,90.0,,90.0,,90.0
413,414,Valery,4.0,4.0,Southampton,,90.0,,90.0,,90.0,,90.0,,90.0,,90.0,,90.0,,90.0,,90.0
414,415,Smallbone,4.5,4.5,Southampton,,0.0,,0.0,,0.0,,0.0,,0.0,,0.0,,0.0,,0.0,,0.0
415,416,Diallo,4.4,4.4,Southampton,0.78,26.46,1.01,25.0,0.66,20.0,0.51,14.0,0.35,11.0,0.97,23.96,2.5,56.78,2.2,45.03,1.9,34.55
416,417,Perraud,4.5,4.5,Southampton,,90.0,,90.0,,90.0,,90.0,0.73,90.0,1.49,90.0,2.89,90.0,2.28,90.0,3.5,90.0
417,418,Djenepo,5.0,5.0,Southampton,1.7,46.6,2.4,54.0,2.41,64.15,2.51,66.0,2.23,70.0,1.86,62.28,1.68,51.79,1.77,54.0,2.17,59.5
418,419,Livramento,4.4,4.4,Southampton,0.0,90.0,0.0,90.0,0.0,90.0,0.0,90.0,,90.0,,90.0,,90.0,,90.0,,90.0
419,420,Salisu,4.4,4.4,Southampton,1.38,90.0,2.76,90.0,1.89,90.0,1.84,90.0,1.78,90.0,2.46,90.0,2.75,90.0,2.22,90.0,3.24,90.0
420,421,Lis,4.0,4.0,Southampton,,90.0,,90.0,,90.0,,90.0,,90.0,,90.0,,90.0,,90.0,,90.0
421,422,Bazunu,4.5,4.5,Southampton,1.15,90.0,3.01,90.0,2.96,90.0,3.05,90.0,2.95,90.0,3.2,90.0,3.4,90.0,3.16,90.0,3.54,90.0
422,423,Bella-Kotchap,4.5,4.5,Southampton,1.3,90.0,2.84,90.0,1.91,90.0,1.77,90.0,1.8,90.0,2.59,90.0,2.81,90.0,2.29,90.0,3.42,90.0
423,424,Caballero,4.0,4.0,Southampton,,90.0,,90.0,,90.0,,90.0,,90.0,,90.0,,90.0,,90.0,,90.0
424,425,Lloris,5.5,5.5,Spurs,4.15,90.0,3.41,90.0,4.21,90.0,4.07,90.0,3.66,90.0,4.11,90.0,3.16,90.0,3.99,90.0,2.56,90.0
425,426,Forster,3.9,3.9,Spurs,,90.0,,90.0,,90.0,,90.0,,90.0,,90.0,,90.0,,90.0,,90.0
426,427,Kane,11.4,11.4,Spurs,7.0,88.2,4.65,88.5,6.89,89.2,6.67,89.5,6.05,90.0,7.32,88.0,3.98,88.6,7.01,87.87,5.23,88.0
427,428,Son,11.7,11.7,Spurs,6.94,80.85,4.45,81.3,6.38,80.5,6.05,79.5,4.76,73.7,6.19,75.2,3.36,76.2,5.06,73.72,4.66,74.41
428,429,Doherty,4.6,4.6,Spurs,2.2,90.0,1.91,90.0,1.98,90.0,1.61,90.0,1.11,90.0,2.19,90.0,,90.0,,90.0,,90.0
429,430,Dier,5.1,5.1,Spurs,3.95,90.0,2.55,90.0,4.19,90.0,3.95,90.0,3.1,90.0,3.89,90.0,1.48,90.0,3.75,90.0,2.37,90.0
430,431,Lucas Moura,5.8,5.8,Spurs,0.99,18.62,0.58,17.0,0.8,16.0,0.39,11.85,0.22,8.85,0.0,6.5,0.15,8.77,,0.0,0.35,9.0
431,432,Davies,4.9,4.9,Spurs,,90.0,1.78,90.0,3.77,90.0,3.5,90.0,2.87,90.0,3.48,90.0,1.07,90.0,1.7,90.0,0.61,90.0
432,433,Højbjerg,5.5,5.5,Spurs,3.11,73.18,1.88,74.3,2.79,76.0,2.74,77.5,2.48,78.5,3.16,80.0,1.75,81.0,3.14,81.0,2.35,82.0
433,434,Winks,4.4,4.4,Spurs,,0.0,,0.0,,0.0,,0.0,,0.0,,0.0,,0.0,,0.0,,0.0
434,435,Sánchez,4.4,4.4,Spurs,,90.0,,90.0,3.5,90.0,3.34,90.0,2.93,90.0,,90.0,,90.0,,90.0,,90.0
435,436,R.Sessegnon,4.5,4.5,Spurs,,90.0,1.71,90.0,,90.0,,90.0,,90.0,,90.0,1.12,90.0,2.57,90.0,,90.0
436,437,Bergwijn,5.5,5.5,Spurs,,0.0,,0.0,,0.0,,0.0,,0.0,,0.0,,0.0,,0.0,,0.0
437,438,Reguilón,4.2,4.2,Spurs,,90.0,,90.0,,90.0,,90.0,,90.0,,90.0,,90.0,,90.0,,90.0
438,439,Tanganga,3.9,3.9,Spurs,,90.0,,90.0,,90.0,,90.0,,90.0,,90.0,,90.0,,90.0,,90.0
439,440,Bentancur,5.4,5.4,Spurs,2.82,66.22,1.57,66.92,2.25,69.5,2.26,72.0,2.04,73.5,2.29,71.66,1.36,74.7,2.43,74.7,2.08,76.5
440,441,Skipp,4.4,4.4,Spurs,0.1,2.94,0.04,2.0,0.03,1.0,0.03,1.0,0.03,1.0,0.1,3.0,,0.0,,0.0,,0.0
441,442,Rodon,4.0,4.0,Spurs,,90.0,,90.0,,90.0,,90.0,,90.0,,90.0,,90.0,,90.0,,90.0
442,443,Romero,4.9,4.9,Spurs,4.0,90.0,2.44,90.0,0.0,90.0,0.6,90.0,0.15,90.0,1.86,90.0,1.25,90.0,3.62,90.0,2.15,90.0
443,444,Bissouma,4.7,4.7,Spurs,0.68,49.9,0.99,51.94,1.54,48.0,1.25,40.0,1.01,35.0,1.58,40.47,0.62,33.0,1.11,33.0,0.71,29.0
444,445,Emerson Royal,5.0,5.0,Spurs,,90.0,1.45,90.0,3.53,90.0,3.4,90.0,2.66,90.0,3.02,90.0,1.48,90.0,2.92,90.0,2.54,90.0
445,446,Kulusevski,8.0,8.0,Spurs,4.65,68.03,3.07,70.76,4.36,72.53,4.14,73.1,3.83,74.5,4.79,75.5,1.86,66.32,3.75,62.0,0.8,44.59
446,447,Scarlett,4.5,4.5,Spurs,0.0,0.0,0.0,0.0,0.0,0.0,0.0,0.0,0.0,0.0,0.0,0.0,,0.0,,0.0,,0.0
447,448,Perišić,5.6,5.6,Spurs,2.77,90.0,2.45,90.0,3.5,90.0,4.7,90.0,3.67,90.0,2.88,90.0,1.96,90.0,4.28,90.0,2.81,90.0
448,449,White,4.4,4.4,Spurs,,0.0,,0.0,,0.0,,0.0,,0.0,,0.0,,0.0,,0.0,,0.0
449,450,Sarr,4.4,4.4,Spurs,,0.0,,0.0,,0.0,,0.0,,0.0,,0.0,,0.0,,0.0,,0.0
450,451,Austin,4.0,4.0,Spurs,,90.0,,90.0,,90.0,,90.0,,90.0,,90.0,,90.0,,90.0,,90.0
451,452,Devine,4.4,4.4,Spurs,,0.0,,0.0,,0.0,,0.0,,0.0,,0.0,,0.0,,0.0,,0.0
452,453,Parrott,4.5,4.5,Spurs,,0.0,,0.0,,0.0,,0.0,,0.0,,0.0,,0.0,,0.0,,0.0
453,454,Richarlison,8.5,8.5,Spurs,0.0,37.01,1.32,42.71,2.45,45.0,2.11,40.0,2.16,40.38,2.14,36.0,1.76,46.94,3.55,56.06,2.08,51.0
454,455,Fabianski,5.0,5.0,West Ham,3.17,90.0,3.45,90.0,3.48,90.0,3.17,90.0,3.08,90.0,2.98,90.0,3.44,90.0,3.41,90.0,3.86,90.0
455,456,Ogbonna,4.4,4.4,West Ham,,90.0,,90.0,,90.0,,90.0,,90.0,,90.0,,90.0,,90.0,,90.0
456,457,Cresswell,4.8,4.8,West Ham,1.73,90.0,3.76,90.0,3.52,90.0,2.72,90.0,1.96,90.0,1.64,90.0,2.67,90.0,2.46,90.0,3.74,90.0
457,458,Antonio,7.1,7.1,West Ham,3.28,73.71,3.05,57.85,3.36,60.0,2.95,59.46,2.5,50.0,2.65,56.94,3.33,62.0,3.01,62.0,3.32,62.0
458,459,Dawson,4.8,4.8,West Ham,1.41,90.0,,90.0,,90.0,,90.0,,90.0,,90.0,,90.0,,90.0,,90.0
459,460,Lanzini,5.2,5.2,West Ham,2.15,61.74,2.87,59.0,2.64,54.0,2.09,48.0,1.79,34.61,1.02,28.0,0.92,19.0,,0.0,0.83,17.0
460,461,Zouma,4.5,4.5,West Ham,1.59,90.0,3.49,90.0,3.19,90.0,2.55,90.0,2.33,90.0,1.88,90.0,3.06,90.0,2.99,90.0,3.87,90.0
461,462,Masuaku,4.5,4.5,West Ham,,90.0,,90.0,,90.0,,90.0,,90.0,,90.0,,90.0,,90.0,,90.0
462,463,Coufal,4.4,4.4,West Ham,1.56,90.0,3.46,90.0,3.16,90.0,2.12,90.0,2.28,90.0,1.89,90.0,3.08,90.0,2.8,90.0,3.61,90.0
463,464,Benrahma,5.7,5.7,West Ham,1.89,51.86,2.85,48.0,3.31,56.0,3.08,59.0,2.69,45.61,2.04,48.0,2.1,37.0,1.9,37.0,2.05,36.0
464,465,Bowen,8.1,8.1,West Ham,3.64,81.83,5.04,82.2,4.99,82.5,4.45,83.0,4.36,81.0,3.57,81.5,4.68,81.5,4.14,79.9,4.58,79.3
465,466,Vlasic,5.0,5.0,West Ham,0.71,22.48,1.06,20.0,,0.0,,0.0,,0.0,,0.0,,0.0,,0.0,,0.0
466,467,Rice,4.9,4.9,West Ham,1.98,86.44,2.83,87.0,2.84,87.5,2.57,88.0,2.71,88.5,2.23,89.0,3.05,89.5,2.75,89.5,3.08,90.0
467,468,Soucek,5.4,5.4,West Ham,2.33,83.3,3.31,84.0,3.4,85.0,3.05,85.5,3.14,86.5,2.71,87.5,3.59,88.0,3.24,88.0,3.54,87.0
468,469,Fornals,5.3,5.3,West Ham,2.3,68.6,3.29,70.0,3.29,70.0,2.83,68.0,3.04,62.68,2.21,63.0,2.92,63.2,2.63,63.2,2.88,62.5
469,470,Diop,4.3,4.3,Fulham,,90.0,,90.0,,90.0,0.27,90.0,0.84,90.0,0.43,90.0,,90.0,,90.0,,90.0
470,471,Johnson,4.4,4.4,West Ham,,90.0,,90.0,,90.0,1.55,90.0,,90.0,,90.0,,90.0,,90.0,,90.0
471,472,Aguerd,4.8,4.8,West Ham,0.17,90.0,0.0,90.0,0.0,90.0,0.0,90.0,0.0,90.0,0.0,90.0,,90.0,,90.0,,90.0
472,473,Areola,4.4,4.4,West Ham,,90.0,,90.0,,90.0,,90.0,,90.0,,90.0,,90.0,,90.0,,90.0
473,474,Boly,4.3,4.3,Nott'm Forest,,90.0,,90.0,,90.0,,90.0,,90.0,,90.0,,90.0,,90.0,,90.0
474,475,Coady,4.9,4.9,Everton,,90.0,1.38,90.0,3.5,90.0,2.5,90.0,2.47,90.0,1.61,90.0,1.54,90.0,2.8,90.0,2.72,90.0
475,476,Jiménez,6.8,6.8,Wolves,,0.0,,0.0,,0.0,,0.0,,0.0,,0.0,,0.0,,0.0,,0.0
476,477,Jonny,4.4,4.4,Wolves,2.28,90.0,1.85,90.0,0.93,90.0,0.94,90.0,0.95,90.0,0.75,90.0,1.17,90.0,1.29,90.0,2.49,90.0
477,478,Sá,5.0,5.0,Wolves,3.53,90.0,3.83,90.0,3.19,90.0,3.77,90.0,3.92,90.0,3.91,90.0,3.14,90.0,3.19,90.0,3.45,90.0
478,479,Dendoncker,4.8,4.8,Aston Villa,,0.0,,0.0,,0.0,,0.0,,0.0,,0.0,,0.0,,0.0,,0.0
479,480,Neves,5.5,5.5,Wolves,3.02,81.34,3.51,82.5,2.52,83.5,3.2,84.2,3.4,85.0,3.64,87.0,2.16,87.5,2.37,87.5,2.82,82.53
480,481,Hwang,5.7,5.7,Wolves,1.71,41.54,2.66,49.0,1.91,50.0,1.3,34.71,1.49,30.0,1.32,25.0,0.7,22.0,,0.0,0.0,19.61
481,482,Semedo,5.0,5.0,Wolves,0.0,90.0,0.7,90.0,0.6,90.0,1.83,90.0,1.97,90.0,2.03,90.0,1.34,90.0,,90.0,1.65,90.0
482,483,Podence,5.5,5.5,Wolves,3.53,65.83,4.07,62.44,2.73,58.94,2.83,52.69,1.85,40.39,1.88,35.77,1.75,46.0,1.92,46.0,2.97,52.16
483,484,Kilman,4.5,4.5,Wolves,1.74,90.0,2.98,90.0,1.53,90.0,2.97,90.0,3.31,90.0,3.34,90.0,1.4,90.0,1.49,90.0,2.49,90.0
484,485,Cundle,4.4,4.4,Wolves,2.37,66.64,3.09,71.15,2.14,69.15,1.68,56.56,1.53,47.71,,0.0,,0.0,,0.0,,0.0
485,486,Neto,5.1,5.1,Wolves,3.85,69.79,4.4,70.45,3.06,69.31,3.55,67.46,3.6,68.0,3.99,70.0,2.56,71.4,2.67,71.4,3.17,72.2
486,487,Aït-Nouri,4.3,4.3,Wolves,2.99,90.0,3.14,90.0,1.6,90.0,2.61,90.0,2.55,90.0,2.4,90.0,0.94,90.0,1.36,90.0,2.45,90.0
487,488,Fabio Silva,5.5,5.5,Wolves,,0.0,,0.0,,0.0,,0.0,,0.0,,0.0,,0.0,,0.0,,0.0
488,489,Toti,3.9,3.9,Wolves,,90.0,,90.0,,90.0,,90.0,,90.0,,90.0,,90.0,,90.0,,90.0
489,490,Chiquinho,5.0,5.0,Wolves,,0.0,,0.0,,0.0,,0.0,,0.0,,0.0,,0.0,,0.0,,0.0
490,491,Adama,5.5,5.5,Wolves,0.68,28.02,0.0,13.42,0.74,28.48,1.32,28.0,1.15,24.0,1.17,23.0,,0.0,,0.0,1.09,27.0
491,492,Šarkić,4.0,4.0,Wolves,,90.0,,90.0,,90.0,,90.0,,90.0,,90.0,,90.0,,90.0,,90.0
492,493,Gibbs-White,5.5,5.5,Nott'm Forest,,0.0,,0.0,0.65,54.06,1.32,59.97,1.93,72.85,3.82,72.0,3.39,75.0,3.84,75.0,2.64,71.41
493,494,Mosquera,3.9,3.9,Wolves,,90.0,,90.0,,90.0,,90.0,,90.0,,90.0,,90.0,,90.0,,90.0
494,495,Matthews,4.0,4.0,Crystal Palace,,90.0,,90.0,,90.0,,90.0,,90.0,,90.0,,90.0,,90.0,,90.0
495,496,Plange,4.5,4.5,Crystal Palace,0.21,5.88,0.12,5.0,0.15,4.0,0.07,3.0,0.08,2.0,0.03,1.0,,0.0,,0.0,,0.0
496,497,Adrián,3.9,3.9,Liverpool,,90.0,,90.0,,90.0,,90.0,,90.0,,90.0,,90.0,,90.0,,90.0
497,498,R.Williams,4.0,4.0,Liverpool,,90.0,,90.0,,90.0,,90.0,,90.0,,90.0,,90.0,,90.0,,90.0
498,499,Davies,4.0,4.0,Liverpool,,90.0,,90.0,,90.0,,90.0,,90.0,,90.0,,90.0,,90.0,,90.0
499,500,Van den Berg,4.0,4.0,Liverpool,,90.0,,90.0,,90.0,,90.0,,90.0,,90.0,,90.0,,90.0,,90.0
500,501,Phillips,4.0,4.0,Liverpool,,90.0,,90.0,,90.0,,90.0,,90.0,,90.0,,90.0,,90.0,,90.0
501,502,Carson,3.9,3.9,Man City,,90.0,,90.0,,90.0,,90.0,,90.0,,90.0,,90.0,,90.0,,90.0
502,503,Moutinho,4.8,4.8,Wolves,2.73,79.38,0.0,54.31,0.56,55.2,2.43,68.0,2.58,71.0,3.0,76.5,1.8,77.5,1.97,77.5,2.39,78.5
503,504,Malacia,4.5,4.5,Man Utd,3.17,90.0,1.9,90.0,1.14,90.0,2.66,90.0,2.55,90.0,2.5,90.0,2.94,90.0,0.0,90.0,1.38,90.0
504,505,Rothwell,4.9,4.9,Bournemouth,,0.0,,0.0,,0.0,,0.0,,0.0,,0.0,,0.0,,0.0,,0.0
505,506,Adams,5.0,5.0,Leeds,1.16,39.2,0.84,35.18,1.53,60.06,2.17,56.0,1.92,68.47,1.72,72.5,2.37,74.0,0.0,74.0,2.14,74.0
506,507,Niakhaté,4.3,4.3,Nott'm Forest,1.16,90.0,2.13,90.0,0.9,90.0,0.26,90.0,0.0,90.0,0.0,90.0,,90.0,,90.0,0.85,90.0
507,508,Sinisterra,6.5,6.5,Leeds,0.0,49.71,1.14,53.75,1.28,54.21,1.26,40.56,2.63,46.15,3.26,67.1,3.92,63.74,0.0,63.0,3.37,63.0
508,509,Downes,4.4,4.4,West Ham,0.31,16.66,0.4,15.0,0.32,12.0,0.24,10.0,0.17,7.0,0.12,6.0,0.18,7.0,,0.0,0.13,5.0
509,510,Hickey,5.0,5.0,Brentford,2.11,90.0,2.12,90.0,2.58,90.0,3.18,90.0,2.35,90.0,2.78,90.0,2.3,90.0,1.95,90.0,3.02,90.0
510,511,Richards,4.4,4.4,Nott'm Forest,0.12,90.0,0.14,90.0,0.2,90.0,0.15,90.0,1.16,90.0,0.25,90.0,,90.0,,90.0,,90.0
511,512,Aribo,5.4,5.4,Southampton,1.91,42.82,2.29,49.0,1.85,45.0,2.29,52.0,2.48,63.92,1.7,52.55,2.52,58.5,2.21,58.5,2.36,54.5
512,513,Lenglet,4.8,4.8,Spurs,3.53,90.0,0.44,90.0,1.52,90.0,,90.0,,90.0,,90.0,,90.0,,90.0,1.86,90.0
513,514,C.Doucouré,5.0,5.0,Crystal Palace,2.02,65.81,1.58,70.0,2.68,73.92,1.49,75.5,2.6,77.0,2.31,78.5,2.71,81.0,0.0,81.0,2.44,81.0
514,515,Lewis-Potter,5.3,5.3,Brentford,1.43,42.01,1.96,44.1,1.01,33.79,1.18,34.25,1.51,37.0,2.18,44.0,2.26,49.0,2.18,49.0,0.0,28.18
515,516,Collins,4.5,4.5,Wolves,2.3,90.0,3.2,90.0,1.63,90.0,3.15,90.0,3.57,90.0,3.49,90.0,1.4,90.0,1.55,90.0,,90.0
516,517,Strakosha,4.4,4.4,Brentford,,90.0,,90.0,,90.0,,90.0,,90.0,,90.0,,90.0,,90.0,,90.0
517,518,Hennessey,3.9,3.9,Nott'm Forest,,90.0,,90.0,,90.0,,90.0,,90.0,,90.0,,90.0,,90.0,,90.0
518,519,Eriksen,6.3,6.3,Man Utd,1.29,35.24,2.6,49.61,2.27,54.0,2.98,60.0,3.13,61.15,3.04,64.0,3.13,67.5,0.0,67.5,2.0,67.5
519,520,Koulibaly,5.5,5.5,Chelsea,3.71,90.0,3.02,90.0,3.82,90.0,0.0,90.0,3.55,90.0,3.67,90.0,3.17,90.0,0.0,90.0,2.93,90.0
520,521,Francois,4.4,4.4,Fulham,,0.0,,0.0,,0.0,,0.0,,0.0,,0.0,,0.0,,0.0,,0.0
521,522,Spence,4.2,4.2,Spurs,,90.0,,90.0,,90.0,,90.0,,90.0,,90.0,,90.0,,90.0,,90.0
522,523,Toffolo,4.4,4.4,Nott'm Forest,,90.0,,90.0,,90.0,,90.0,,90.0,,90.0,,90.0,,90.0,,90.0
523,524,O'Brien,4.9,4.9,Nott'm Forest,1.91,67.62,2.22,68.6,2.26,73.92,2.23,75.0,1.41,75.0,2.75,76.0,1.5,64.1,2.39,69.0,1.66,61.84
524,525,Augustinsson,4.3,4.3,Aston Villa,,90.0,,90.0,,90.0,,90.0,,90.0,,90.0,,90.0,,90.0,,90.0
525,526,Mee,4.5,4.5,Brentford,2.55,90.0,2.54,90.0,2.9,90.0,3.77,90.0,2.84,90.0,3.45,90.0,2.88,90.0,2.34,90.0,3.67,90.0
526,527,Lingard,5.6,5.6,Nott'm Forest,3.03,74.55,3.77,77.93,3.66,80.0,3.65,80.0,2.25,78.0,4.1,74.0,3.29,71.0,3.73,71.0,1.97,60.69
527,528,Mara,5.4,5.4,Southampton,0.78,17.64,0.55,13.62,1.06,21.0,1.32,24.0,1.15,24.0,0.74,18.77,1.03,18.0,,0.0,1.14,20.0
528,529,Scamacca,6.7,6.7,West Ham,0.0,19.02,2.53,40.92,2.18,38.0,1.81,38.31,2.5,49.0,1.28,42.32,2.05,37.0,1.85,37.0,1.83,34.0
529,530,Richards,4.4,4.4,Crystal Palace,,90.0,,90.0,,90.0,,90.0,,90.0,,90.0,,90.0,,90.0,,90.0
530,531,Vinagre,4.3,4.3,Everton,,90.0,,90.0,,90.0,,90.0,,90.0,,90.0,,90.0,,90.0,,90.0
531,532,Mbabu,4.4,4.4,Fulham,0.99,90.0,1.39,90.0,1.48,90.0,0.77,90.0,1.68,90.0,0.93,90.0,1.15,90.0,,90.0,,90.0
532,533,Martínez,4.5,4.5,Man Utd,1.23,90.0,2.79,90.0,1.41,90.0,2.88,90.0,2.63,90.0,2.39,90.0,2.75,90.0,0.0,90.0,1.42,90.0
533,534,McNeil,5.2,5.2,Everton,1.16,54.38,2.25,63.7,2.83,63.5,1.56,50.39,2.22,59.0,1.95,64.0,1.39,54.81,2.29,58.0,1.13,39.63
534,535,Tavernier,4.9,4.9,Bournemouth,1.16,52.19,1.62,71.15,2.63,72.92,1.84,74.0,2.88,75.2,2.89,77.0,2.89,78.1,2.54,78.1,3.0,78.5
535,536,Mangala,4.9,4.9,Nott'm Forest,,0.0,,0.0,,0.0,1.72,55.0,0.7,50.41,1.15,46.61,,0.0,,0.0,0.78,32.84
536,537,Kesler Hayden,4.0,4.0,Aston Villa,,90.0,,90.0,,90.0,,90.0,,90.0,,90.0,,90.0,,90.0,,90.0
537,538,Young,4.4,4.4,Aston Villa,,90.0,,90.0,,90.0,,90.0,,90.0,,90.0,,90.0,,90.0,,90.0
538,539,Hill,4.4,4.4,Bournemouth,,90.0,,90.0,,90.0,,90.0,,90.0,,90.0,,90.0,,90.0,,90.0
539,540,Stevens,4.0,4.0,Brentford,,90.0,,90.0,,90.0,,90.0,,90.0,,90.0,,90.0,,90.0,,90.0
540,541,Dervişoğlu,4.5,4.5,Brentford,,0.0,,0.0,,0.0,,0.0,,0.0,,0.0,,0.0,,0.0,,0.0
541,542,Scherpen,4.0,4.0,Brighton,,90.0,,90.0,,90.0,,90.0,,90.0,,90.0,,90.0,,90.0,,90.0
542,543,Clarke,4.0,4.0,Brighton,,90.0,,90.0,,90.0,,90.0,,90.0,,90.0,,90.0,,90.0,,90.0
543,544,Van Hecke,4.0,4.0,Brighton,,90.0,,90.0,,90.0,,90.0,,90.0,,90.0,,90.0,,90.0,,90.0
544,545,Emerson,4.0,4.0,West Ham,,90.0,,90.0,,90.0,,90.0,1.72,90.0,1.46,90.0,2.08,90.0,,90.0,,90.0
545,546,Harris,4.4,4.4,Fulham,,0.0,,0.0,,0.0,,0.0,,0.0,,0.0,,0.0,,0.0,,0.0
546,547,Drameh,4.0,4.0,Leeds,,90.0,,90.0,,90.0,,90.0,,90.0,,90.0,,90.0,,90.0,,90.0
547,548,Iversen,3.9,3.9,Leicester,,90.0,,90.0,,90.0,,90.0,,90.0,,90.0,,90.0,,90.0,,90.0
548,549,Praet,4.9,4.9,Leicester,,0.0,,0.0,,0.0,,0.0,,0.0,,0.0,,0.0,,0.0,,0.0
549,550,Amad,4.4,4.4,Man Utd,,0.0,,0.0,,0.0,,0.0,,0.0,,0.0,,0.0,,0.0,,0.0
550,551,Iqbal,4.3,4.3,Man Utd,,0.0,,0.0,,0.0,,0.0,,0.0,,0.0,,0.0,,0.0,,0.0
551,552,Anderson,4.5,4.5,Newcastle,,0.0,,0.0,,0.0,,0.0,,0.0,,0.0,,0.0,,0.0,,0.0
552,553,Hammond,4.4,4.4,Nott'm Forest,,0.0,,0.0,,0.0,,0.0,,0.0,,0.0,,0.0,,0.0,,0.0
553,554,Bryan,5.0,5.0,Spurs,,0.0,,0.0,,0.0,0.05,1.0,0.04,1.0,0.0,0.75,,0.0,,0.0,,0.0
554,555,Ashby,4.0,4.0,West Ham,,90.0,,90.0,,90.0,,90.0,,90.0,,90.0,,90.0,,90.0,,90.0
555,556,Coventry,4.4,4.4,West Ham,,0.0,,0.0,,0.0,,0.0,,0.0,,0.0,,0.0,,0.0,,0.0
556,557,Smith,4.0,4.0,Wolves,,90.0,,90.0,,90.0,,90.0,,90.0,,90.0,,90.0,,90.0,,90.0
557,558,Bueno,4.0,4.0,Wolves,,90.0,,90.0,,90.0,,90.0,,90.0,,90.0,,90.0,,90.0,,90.0
558,559,Colwill,4.4,4.4,Brighton,,90.0,,90.0,,90.0,,90.0,,90.0,,90.0,,90.0,,90.0,,90.0
559,560,Mills,4.4,4.4,Everton,,0.0,,0.0,,0.0,,0.0,,0.0,,0.0,,0.0,,0.0,,0.0
560,561,Warrington,4.4,4.4,Everton,,0.0,,0.0,,0.0,,0.0,,0.0,,0.0,,0.0,,0.0,,0.0
561,562,Solomon,4.9,4.9,Fulham,,0.0,,0.0,,0.0,,0.0,,0.0,,0.0,,0.0,,0.0,,0.0
562,563,Chambers,4.0,4.0,Liverpool,,90.0,,90.0,,90.0,,90.0,,90.0,,90.0,,90.0,,90.0,,90.0
563,564,Bajcetic,4.5,4.5,Liverpool,,0.0,,0.0,,0.0,,0.0,,0.0,,0.0,,0.0,,0.0,,0.0
564,565,Gray,4.5,4.5,Leeds,,0.0,,0.0,,0.0,,0.0,,0.0,,0.0,,0.0,,0.0,,0.0
565,566,Hodge,4.4,4.4,Wolves,,0.0,,0.0,,0.0,,0.0,,0.0,,0.0,,0.0,,0.0,,0.0
566,567,Ronan,4.4,4.4,Wolves,,0.0,,0.0,,0.0,,0.0,,0.0,,0.0,,0.0,,0.0,,0.0
567,568,Campbell,4.4,4.4,Wolves,,0.0,,0.0,,0.0,,0.0,,0.0,,0.0,,0.0,,0.0,,0.0
568,569,Garnacho,4.4,4.4,Man Utd,,0.0,,0.0,,0.0,,0.0,,0.0,,0.0,,0.0,,0.0,,0.0
569,570,Garner,4.5,4.5,Everton,,0.0,,0.0,,0.0,,0.0,,0.0,,0.0,,0.0,,0.0,,0.0
570,571,Randolph,4.0,4.0,West Ham,,90.0,,90.0,,90.0,,90.0,,90.0,,90.0,,90.0,,90.0,,90.0
571,572,Oko-Flex,4.4,4.4,West Ham,,0.0,,0.0,,0.0,,0.0,,0.0,,0.0,,0.0,,0.0,,0.0
572,573,Lewis,3.9,3.9,Man City,,90.0,,90.0,,90.0,,90.0,,90.0,,90.0,,90.0,,90.0,,90.0
573,574,Neto,4.5,4.5,Bournemouth,,90.0,,90.0,,90.0,,90.0,,90.0,1.59,90.0,,90.0,3.07,90.0,3.37,90.0
574,575,Cornet,5.9,5.9,West Ham,0.78,34.8,2.5,45.0,1.39,36.56,1.78,36.0,1.68,28.38,0.96,23.4,1.18,22.0,1.07,22.0,1.51,27.0
575,576,Senesi,4.5,4.5,Bournemouth,,90.0,0.75,90.0,1.41,90.0,,90.0,2.55,90.0,,90.0,,90.0,,90.0,,90.0
576,577,Onana,4.9,4.9,Everton,,0.0,,0.0,,0.0,,0.0,,0.0,,0.0,,0.0,2.29,72.0,2.2,74.0
577,578,Robles,4.0,4.0,Leeds,,90.0,,90.0,,90.0,,90.0,,90.0,,90.0,,90.0,,90.0,,90.0
578,579,Guedes,6.0,6.0,Wolves,,0.0,1.56,57.4,2.33,68.95,3.95,73.31,4.29,75.5,4.51,75.5,2.51,71.5,2.75,71.5,3.25,70.5
579,580,Damsgaard,5.3,5.3,Brentford,,0.0,0.79,39.72,0.71,33.99,0.57,31.7,0.96,36.94,1.53,38.0,,0.0,,0.0,1.44,35.0
580,581,Smithies,4.0,4.0,Leicester,,90.0,,90.0,,90.0,,90.0,,90.0,,90.0,,90.0,,90.0,,90.0
581,582,Freuler,5.0,5.0,Nott'm Forest,,0.0,,0.0,,0.0,,0.0,,0.0,,0.0,,0.0,,0.0,1.71,65.0
582,583,Kouyaté,4.5,4.5,Nott'm Forest,,0.0,,0.0,,0.0,,0.0,,0.0,,0.0,,0.0,,0.0,,0.0
583,584,Clark,4.5,4.5,Liverpool,,0.0,,0.0,,0.0,,0.0,,0.0,,0.0,,0.0,,0.0,,0.0
584,585,Dennis,5.8,5.8,Nott'm Forest,,0.0,,0.0,1.08,25.0,1.0,23.0,0.98,28.06,1.57,29.0,,0.0,,0.0,0.92,21.0
585,586,Estupiñán,4.5,4.5,Brighton,,90.0,,90.0,,90.0,,90.0,2.83,90.0,3.67,90.0,3.4,90.0,0.0,90.0,1.4,90.0
586,587,Sergio Gómez,4.5,4.5,Man City,,90.0,,90.0,,90.0,,90.0,,90.0,,90.0,,90.0,,90.0,,90.0
587,588,Kehrer,4.5,4.5,West Ham,,90.0,,90.0,,90.0,,90.0,2.02,90.0,,90.0,,90.0,,90.0,,90.0
588,589,Matheus,5.0,5.0,Wolves,,0.0,,0.0,0.79,63.4,2.66,80.0,2.86,81.5,3.12,82.0,2.02,83.4,2.21,83.4,2.59,84.1
589,590,Whitworth,4.0,4.0,Crystal Palace,,90.0,,90.0,,90.0,,90.0,,90.0,,90.0,,90.0,,90.0,,90.0
590,591,Ablade,4.5,4.5,Fulham,,0.0,,0.0,,0.0,,0.0,,0.0,,0.0,,0.0,,0.0,,0.0
591,592,H.Davies,4.0,4.0,Liverpool,,90.0,,90.0,,90.0,,90.0,,90.0,,90.0,,90.0,,90.0,,90.0
592,593,Casemiro,4.9,4.9,Man Utd,,0.0,,0.0,,0.0,1.32,68.12,1.25,67.35,1.23,67.08,,0.0,,0.0,0.94,66.0
593,594,Isak,6.9,6.9,Newcastle,,0.0,,0.0,,0.0,0.17,45.49,0.97,61.83,3.89,75.0,3.71,76.23,4.44,73.5,0.0,31.09
594,595,Zanka,4.0,4.0,Brentford,,90.0,,90.0,,90.0,,90.0,,90.0,,90.0,,90.0,,90.0,,90.0
595,596,Ferguson,4.5,4.5,Brighton,,0.0,,0.0,,0.0,,0.0,,0.0,,0.0,,0.0,,0.0,,0.0
596,597,Saydee,4.5,4.5,Bournemouth,,0.0,,0.0,,0.0,,0.0,,0.0,,0.0,,0.0,,0.0,,0.0
597,598,Bevan,4.0,4.0,Bournemouth,,90.0,,90.0,,90.0,,90.0,,90.0,,90.0,,90.0,,90.0,,90.0
598,599,Gomes,4.5,4.5,Man City,,0.0,,0.0,,0.0,,0.0,,0.0,,0.0,,0.0,,0.0,,0.0
599,600,Knight,4.5,4.5,Man City,,0.0,,0.0,,0.0,,0.0,,0.0,,0.0,,0.0,,0.0,,0.0
600,601,Rodney,4.5,4.5,Crystal Palace,,0.0,,0.0,,0.0,,0.0,,0.0,,0.0,,0.0,,0.0,,0.0
601,602,Renan Lodi,4.5,4.5,Nott'm Forest,,90.0,,90.0,,90.0,,90.0,,90.0,,90.0,,90.0,,90.0,,90.0
602,603,Paquetá,6.0,6.0,West Ham,,0.0,,0.0,,0.0,,0.0,0.0,47.28,1.23,56.08,3.75,75.5,3.16,75.3,3.36,72.0
603,604,Phillips,4.5,4.5,Crystal Palace,,0.0,,0.0,,0.0,,0.0,,0.0,,0.0,,0.0,,0.0,,0.0
604,605,Welch,4.0,4.0,Everton,,90.0,,90.0,,90.0,,90.0,,90.0,,90.0,,90.0,,90.0,,90.0
605,606,Vale,4.5,4.5,Chelsea,,0.0,,0.0,,0.0,,0.0,,0.0,,0.0,,0.0,,0.0,,0.0
606,607,Smith,4.5,4.5,Arsenal,,0.0,,0.0,,0.0,,0.0,,0.0,,0.0,,0.0,,0.0,,0.0
607,608,Kalajdžić,5.4,5.4,Wolves,,0.0,,0.0,,0.0,,0.0,,0.0,,0.0,,0.0,,0.0,,0.0
608,609,Antony,7.5,7.5,Man Utd,,0.0,,0.0,,0.0,,0.0,0.0,39.82,0.95,48.0,3.8,74.42,0.0,76.5,2.73,74.0
609,610,Akanji,5.0,5.0,Man City,,90.0,,90.0,,90.0,,90.0,,90.0,,90.0,,90.0,,90.0,,90.0
610,611,Gueye,5.0,5.0,Everton,,0.0,,0.0,,0.0,,0.0,,0.0,,0.0,,0.0,,0.0,,0.0
611,612,Faes,4.5,4.5,Leicester,2.84,90.0,1.63,90.0,1.44,90.0,,90.0,,90.0,,90.0,,90.0,1.07,90.0,3.43,90.0
612,613,Kurzawa,4.5,4.5,Fulham,,90.0,,90.0,,90.0,,90.0,,90.0,,90.0,,90.0,,90.0,,90.0
613,614,Willian,5.5,5.5,Fulham,,0.0,,0.0,,0.0,,0.0,,0.0,,0.0,1.19,41.32,2.05,45.0,3.2,69.0
614,615,Kovár,4.0,4.0,Man Utd,,90.0,,90.0,,90.0,,90.0,,90.0,,90.0,,90.0,,90.0,,90.0
615,616,Zakaria,5.0,5.0,Chelsea,,0.0,,0.0,,0.0,,0.0,,0.0,,0.0,,0.0,,0.0,,0.0
616,617,Aubameyang,9.0,9.0,Chelsea,,0.0,,0.0,,0.0,,0.0,,0.0,0.0,35.69,1.22,48.12,0.0,59.76,3.06,60.49
617,618,Vinícius,5.5,5.5,Fulham,,0.0,,0.0,,0.0,,0.0,,0.0,0.2,8.77,,0.0,,0.0,0.61,12.0
618,619,Gnonto,5.0,5.0,Leeds,,0.0,,0.0,,0.0,,0.0,,0.0,,0.0,,0.0,,0.0,,0.0
619,620,Arthur,4.9,4.9,Liverpool,,0.0,,0.0,,0.0,,0.0,,0.0,0.0,16.76,,0.0,,0.0,0.63,18.0
620,621,Badé,4.5,4.5,Nott'm Forest,,90.0,,90.0,,90.0,,90.0,,90.0,,90.0,,90.0,,90.0,,90.0
621,622,Larios,4.0,4.0,Southampton,,90.0,,90.0,,90.0,,90.0,,90.0,,90.0,,90.0,,90.0,,90.0
622,623,Caleta-Car,4.5,4.5,Southampton,,90.0,,90.0,,90.0,,90.0,,90.0,,90.0,,90.0,,90.0,,90.0
623,624,Edozie,4.9,4.9,Southampton,,0.0,,0.0,,0.0,,0.0,,0.0,,0.0,,0.0,,0.0,,0.0
624,625,Diego Costa,5.5,5.5,Wolves,,0.0,,0.0,,0.0,,0.0,,0.0,,0.0,,0.0,,0.0,,0.0
625,626,Karius,4.0,4.0,Newcastle,,90.0,,90.0,,90.0,,90.0,,90.0,,90.0,,90.0,,90.0,,90.0
626,627,Jakupović,4.0,4.0,Everton,,90.0,,90.0,,90.0,,90.0,,90.0,,90.0,,90.0,,90.0,,90.0
627,628,Aurier,4.5,4.5,Nott'm Forest,,90.0,,90.0,,90.0,,90.0,,90.0,,90.0,,90.0,,90.0,,90.0
628,629,Traoré,4.5,4.5,Wolves,3.1,50.92,2.54,44.0,,0.0,,0.0,,0.0,,0.0,,0.0,,0.0,,0.0
629,630,Nwaneri,4.5,4.5,Arsenal,,0.0,,0.0,,0.0,,0.0,,0.0,,0.0,,0.0,,0.0,,0.0
630,631,Sousa,4.0,4.0,Arsenal,,90.0,,90.0,,90.0,,90.0,,90.0,,90.0,,90.0,,90.0,,90.0
631,632,Trevitt,4.5,4.5,Brentford,,0.0,,0.0,,0.0,,0.0,,0.0,,0.0,,0.0,,0.0,,0.0
632,633,Cox,4.0,4.0,Brentford,,90.0,,90.0,,90.0,,90.0,,90.0,,90.0,,90.0,,90.0,,90.0
633,634,Gordon,4.5,4.5,Crystal Palace,,0.0,,0.0,,0.0,,0.0,,0.0,,0.0,,0.0,,0.0,,0.0
634,635,Bettinelli,4.0,4.0,Chelsea,,90.0,,90.0,,90.0,,90.0,,90.0,,90.0,,90.0,,90.0,,90.0
635,636,Parkes,4.0,4.0,Fulham,,90.0,,90.0,,90.0,,90.0,,90.0,,90.0,,90.0,,90.0,,90.0
636,637,John,4.0,4.0,Everton,,90.0,,90.0,,90.0,,90.0,,90.0,,90.0,,90.0,,90.0,,90.0
637,638,Bogarde,4.0,4.0,Aston Villa,,90.0,,90.0,,90.0,,90.0,,90.0,,90.0,,90.0,,90.0,,90.0
638,10104,Mark Gillespie,99.9,99.9,Newcastle,,,,,,,,,,,,,,,,,,
639,10150,Andy Lonergan,99.9,99.9,Everton,,,,,,,,,,,,,,,,,,
640,10201,Teden Mengi,99.9,99.9,Man Utd,,,,,,,,,,,,,,,,,,
641,10202,Shola Shoretire,99.9,99.9,Man Utd,,,,,,,,,,,,,,,,,,
642,10232,Léo Bonatini,99.9,99.9,Wolves,,,,,,,,,,,,,,,,,,
643,10241,Benjamin Mendy,99.9,99.9,Man City,,,,,,,,,,,,,,,,,,
644,10260,Axel Tuanzebe,99.9,99.9,Man Utd,,,,,,,,,,,,,,,,,,
645,10263,Mason Greenwood,99.9,99.9,Man Utd,,,,,,,,,,,,,,,,,,
646,10264,Jed Steer,99.9,99.9,Aston Villa,,,,,,,,,,,,,,,,,,
647,10275,Jordan Smith,99.9,99.9,Nott'm Forest,,,,,,,,,,,,,,,,,,
648,10347,Adnan Kanuric,99.9,99.9,Nott'm Forest,,,,,,,,,,,,,,,,,,
